-- MySQL dump 10.13  Distrib 8.0.36, for Linux (x86_64)
--
-- Host: localhost    Database: ecomddb
-- ------------------------------------------------------
-- Server version	11.2.2-MariaDB-1:11.2.2+maria~ubu2204

/*!40101 SET @OLD_CHARACTER_SET_CLIENT=@@CHARACTER_SET_CLIENT */;
/*!40101 SET @OLD_CHARACTER_SET_RESULTS=@@CHARACTER_SET_RESULTS */;
/*!40101 SET @OLD_COLLATION_CONNECTION=@@COLLATION_CONNECTION */;
/*!50503 SET NAMES utf8mb4 */;
/*!40103 SET @OLD_TIME_ZONE=@@TIME_ZONE */;
/*!40103 SET TIME_ZONE='+00:00' */;
/*!40014 SET @OLD_UNIQUE_CHECKS=@@UNIQUE_CHECKS, UNIQUE_CHECKS=0 */;
/*!40014 SET @OLD_FOREIGN_KEY_CHECKS=@@FOREIGN_KEY_CHECKS, FOREIGN_KEY_CHECKS=0 */;
/*!40101 SET @OLD_SQL_MODE=@@SQL_MODE, SQL_MODE='NO_AUTO_VALUE_ON_ZERO' */;
/*!40111 SET @OLD_SQL_NOTES=@@SQL_NOTES, SQL_NOTES=0 */;

--
-- Current Database: `ecomddb`
--

CREATE DATABASE /*!32312 IF NOT EXISTS*/ `ecomddb` /*!40100 DEFAULT CHARACTER SET utf8mb4 COLLATE utf8mb4_general_ci */;

USE `ecomddb`;

--
-- Table structure for table `conso_maison`
--

DROP TABLE IF EXISTS `conso_maison`;
/*!40101 SET @saved_cs_client     = @@character_set_client */;
/*!50503 SET character_set_client = utf8mb4 */;
CREATE TABLE `conso_maison` (
  `ID` int(11) NOT NULL AUTO_INCREMENT,
  `ID_MAISON` int(11) DEFAULT NULL,
  `CONSO` int(11) DEFAULT 0,
  `PROD` int(11) DEFAULT 0,
  `HORODATAGE` timestamp NULL DEFAULT NULL,
  PRIMARY KEY (`ID`),
  KEY `ID_MAISON` (`ID_MAISON`),
  CONSTRAINT `FK_conso_maison_maison` FOREIGN KEY (`ID_MAISON`) REFERENCES `maison` (`ID`) ON DELETE NO ACTION ON UPDATE NO ACTION
) ENGINE=InnoDB AUTO_INCREMENT=37 DEFAULT CHARSET=utf8mb4 COLLATE=utf8mb4_general_ci;
/*!40101 SET character_set_client = @saved_cs_client */;

--
-- Dumping data for table `conso_maison`
--

LOCK TABLES `conso_maison` WRITE;
/*!40000 ALTER TABLE `conso_maison` DISABLE KEYS */;
INSERT INTO `conso_maison` VALUES (1,1,1709,1400,'2023-12-07 09:00:00'),(2,2,2000,1452,'2023-12-07 10:00:00'),(3,1,1200,1478,'2023-12-07 11:00:00'),(4,2,600,1524,'2023-12-07 12:00:00'),(5,1,1000,1587,'2023-12-07 13:00:00'),(6,2,1000,1200,'2023-12-07 14:00:00'),(7,1,600,806,'2023-12-07 15:00:00'),(8,2,400,754,'2023-12-07 16:00:00'),(9,1,1500,625,'2023-12-07 17:00:00'),(10,2,1500,600,'2024-02-12 13:00:00'),(11,1,1000,600,'2024-02-12 14:00:00'),(12,1,200,1500,'2024-02-13 14:00:00'),(13,1,300,1600,'2024-02-13 15:00:00'),(14,1,600,1000,'2024-02-13 16:00:00'),(15,1,1531,900,'2024-02-13 17:00:00'),(16,1,1263,752,'2024-02-13 18:00:00'),(35,1,3628,NULL,'2024-02-15 10:00:00'),(36,2,240,NULL,'2024-02-15 10:00:00');
/*!40000 ALTER TABLE `conso_maison` ENABLE KEYS */;
UNLOCK TABLES;

--
-- Table structure for table `maison`
--

DROP TABLE IF EXISTS `maison`;
/*!40101 SET @saved_cs_client     = @@character_set_client */;
/*!50503 SET character_set_client = utf8mb4 */;
CREATE TABLE `maison` (
  `ID` int(11) NOT NULL AUTO_INCREMENT,
  `VILLE` varchar(50) DEFAULT NULL,
  PRIMARY KEY (`ID`)
) ENGINE=InnoDB AUTO_INCREMENT=3 DEFAULT CHARSET=utf8mb4 COLLATE=utf8mb4_general_ci;
/*!40101 SET character_set_client = @saved_cs_client */;

--
-- Dumping data for table `maison`
--

LOCK TABLES `maison` WRITE;
/*!40000 ALTER TABLE `maison` DISABLE KEYS */;
INSERT INTO `maison` VALUES (1,'Bethoncourt'),(2,'Dole');
/*!40000 ALTER TABLE `maison` ENABLE KEYS */;
UNLOCK TABLES;

--
-- Table structure for table `mesures`
--

DROP TABLE IF EXISTS `mesures`;
/*!40101 SET @saved_cs_client     = @@character_set_client */;
/*!50503 SET character_set_client = utf8mb4 */;
CREATE TABLE `mesures` (
  `ID` int(11) NOT NULL AUTO_INCREMENT,
  `ID_OBJETS` int(11) DEFAULT NULL,
  `HORODATAGE` timestamp NULL DEFAULT NULL,
  `VALEUR` varchar(240) DEFAULT NULL,
  `UNITE` varchar(50) DEFAULT NULL,
  PRIMARY KEY (`ID`),
  KEY `ID_OBJETS` (`ID_OBJETS`),
  CONSTRAINT `FK_mesures_objets` FOREIGN KEY (`ID_OBJETS`) REFERENCES `objets` (`ID`) ON DELETE NO ACTION ON UPDATE NO ACTION
) ENGINE=InnoDB AUTO_INCREMENT=1198 DEFAULT CHARSET=utf8mb4 COLLATE=utf8mb4_general_ci;
/*!40101 SET character_set_client = @saved_cs_client */;

--
-- Dumping data for table `mesures`
--

LOCK TABLES `mesures` WRITE;
/*!40000 ALTER TABLE `mesures` DISABLE KEYS */;
INSERT INTO `mesures` VALUES (1,1,'2023-12-01 14:11:06','140',NULL),(6,1,'2023-12-04 10:03:24','42','VA'),(7,1,'2023-12-04 10:38:20','10','W'),(8,1,'2023-12-04 10:39:48','4100','KW'),(9,2,'2023-12-05 09:45:59','170','W'),(10,2,'2023-12-05 09:52:19','100','W'),(11,3,'2023-12-05 09:58:37','14','W'),(12,3,'2023-12-05 09:59:37','13','W'),(13,3,'2023-12-05 09:59:37','235','V'),(14,3,'2023-12-05 09:59:37','0','A'),(16,3,'2023-12-05 10:01:49','235','V'),(17,3,'2023-12-05 10:01:49','0','A'),(18,3,'2023-12-05 10:02:38','235','V'),(19,3,'2023-12-05 10:02:40','0','A'),(20,3,'2023-12-05 10:03:15','235','V'),(21,3,'2023-12-05 10:03:15','0','A'),(22,3,'2023-12-05 10:03:33','18','W'),(23,3,'2023-12-05 10:03:34','235','V'),(24,3,'2023-12-05 10:03:34','0','A'),(25,5,'2023-12-06 13:31:09','0','W'),(26,4,'2023-12-06 13:32:40','25','W'),(27,4,'2023-12-06 13:32:40','233','V'),(28,4,'2023-12-06 13:32:40','0','A'),(29,5,'2023-12-06 13:32:40','0','W'),(30,5,'2023-12-06 13:32:40','233','V'),(31,5,'2023-12-06 13:32:40','0','A'),(32,4,'2023-12-06 13:37:12','22','W'),(33,4,'2023-12-06 13:37:12','234','V'),(34,4,'2023-12-06 13:37:12','0','A'),(35,5,'2023-12-06 13:37:12','0','W'),(36,5,'2023-12-06 13:37:12','233','V'),(37,5,'2023-12-06 13:37:12','0','A'),(38,4,'2023-12-06 13:39:51','0','W'),(39,4,'2023-12-06 13:39:52','233','V'),(40,4,'2023-12-06 13:39:52','0','A'),(41,5,'2023-12-06 13:39:54','0','W'),(42,5,'2023-12-06 13:39:54','233','V'),(43,5,'2023-12-06 13:39:54','0','A'),(44,3,'2023-12-06 13:40:01','30','W'),(45,3,'2023-12-06 13:40:01','233','V'),(46,3,'2023-12-06 13:40:01','0','A'),(47,3,'2023-12-07 10:09:37','28','W'),(48,3,'2023-12-07 10:09:37','233','V'),(49,3,'2023-12-07 10:09:37','0','A'),(50,3,'2023-12-07 10:10:36','28','W'),(51,3,'2023-12-07 10:10:36','233','V'),(52,3,'2023-12-07 10:10:36','0','A'),(53,3,'2023-12-07 10:14:45','26','W'),(54,3,'2023-12-07 10:14:45','233','V'),(55,3,'2023-12-07 10:14:45','0','A'),(56,4,'2023-12-07 12:40:49','0','W'),(57,4,'2023-12-07 12:40:49','237','V'),(58,4,'2023-12-07 12:40:49','0','A'),(59,5,'2023-12-07 12:40:49','0','W'),(60,5,'2023-12-07 12:40:49','236','V'),(61,5,'2023-12-07 12:40:49','0','A'),(62,4,'2023-12-07 12:41:33','0','W'),(63,4,'2023-12-07 12:41:34','237','V'),(64,4,'2023-12-07 12:41:34','0','A'),(65,5,'2023-12-07 12:41:34','0','W'),(66,5,'2023-12-07 12:41:34','237','V'),(67,5,'2023-12-07 12:41:35','0','A'),(68,3,'2023-12-07 12:41:43','0','W'),(69,3,'2023-12-07 12:41:43','235','V'),(70,3,'2023-12-07 12:41:43','0','A'),(71,4,'2023-12-07 12:43:45','0','W'),(72,4,'2023-12-07 12:43:45','237','V'),(73,4,'2023-12-07 12:43:45','0','A'),(74,5,'2023-12-07 12:43:45','0','W'),(75,5,'2023-12-07 12:43:45','237','V'),(76,5,'2023-12-07 12:43:45','0','A'),(77,4,'2023-12-07 12:47:16','0','W'),(78,4,'2023-12-07 12:47:16','237','V'),(79,4,'2023-12-07 12:47:16','0','A'),(80,5,'2023-12-07 12:47:16','0','W'),(81,5,'2023-12-07 12:47:16','237','V'),(82,5,'2023-12-07 12:47:16','0','A'),(83,4,'2023-12-07 12:50:55','0','W'),(84,4,'2023-12-07 12:50:55','237','V'),(85,4,'2023-12-07 12:50:55','0','A'),(86,5,'2023-12-07 12:50:55','0','W'),(87,5,'2023-12-07 12:50:55','236','V'),(88,5,'2023-12-07 12:50:55','0','A'),(89,3,'2023-12-07 12:51:00','0','W'),(90,3,'2023-12-07 12:51:01','235','V'),(91,3,'2023-12-07 12:51:01','0','A'),(92,4,'2023-12-07 12:53:01','0','W'),(93,4,'2023-12-07 12:53:01','236','V'),(94,4,'2023-12-07 12:53:01','0','A'),(95,5,'2023-12-07 12:53:01','0','W'),(96,5,'2023-12-07 12:53:01','236','V'),(97,5,'2023-12-07 12:53:01','0','A'),(98,4,'2023-12-07 12:54:27','0','W'),(99,4,'2023-12-07 12:54:27','236','V'),(100,4,'2023-12-07 12:54:27','0','A'),(101,5,'2023-12-07 12:54:27','0','W'),(102,5,'2023-12-07 12:54:27','236','V'),(103,5,'2023-12-07 12:54:27','0','A'),(104,4,'2023-12-07 12:56:59','0','W'),(105,4,'2023-12-07 12:56:59','237','V'),(106,4,'2023-12-07 12:56:59','0','A'),(107,5,'2023-12-07 12:56:59','0','W'),(108,5,'2023-12-07 12:56:59','236','V'),(109,5,'2023-12-07 12:56:59','0','A'),(110,3,'2023-12-07 12:57:04','0','W'),(111,3,'2023-12-07 12:57:04','235','V'),(112,3,'2023-12-07 12:57:04','0','A'),(113,4,'2023-12-07 13:00:08','0','W'),(114,4,'2023-12-07 13:00:08','236','V'),(115,4,'2023-12-07 13:00:08','0','A'),(116,5,'2023-12-07 13:00:08','0','W'),(117,5,'2023-12-07 13:00:08','236','V'),(118,5,'2023-12-07 13:00:08','0','A'),(119,3,'2023-12-07 13:00:14','0','W'),(120,3,'2023-12-07 13:00:14','235','V'),(121,3,'2023-12-07 13:00:14','0','A'),(122,2,'2023-12-07 13:14:21','155955590','W\''),(123,4,'2023-12-07 13:15:07','0','W'),(124,4,'2023-12-07 13:15:07','237','V'),(125,4,'2023-12-07 13:15:07','0','A'),(126,5,'2023-12-07 13:15:07','0','W'),(127,5,'2023-12-07 13:15:07','237','V'),(128,5,'2023-12-07 13:15:07','0','A'),(129,3,'2023-12-07 13:15:13','0','W'),(130,3,'2023-12-07 13:15:13','235','V'),(131,3,'2023-12-07 13:15:13','0','A'),(132,4,'2023-12-07 13:30:07','0','W'),(133,4,'2023-12-07 13:30:07','237','V'),(134,4,'2023-12-07 13:30:07','0','A'),(135,5,'2023-12-07 13:30:08','0','W'),(136,5,'2023-12-07 13:30:08','237','V'),(137,5,'2023-12-07 13:30:08','0','A'),(138,3,'2023-12-07 13:30:13','30','W'),(139,3,'2023-12-07 13:30:13','237','V'),(140,3,'2023-12-07 13:30:13','0','A'),(141,4,'2023-12-07 13:45:09','0','W'),(142,4,'2023-12-07 13:45:09','237','V'),(143,4,'2023-12-07 13:45:09','0','A'),(144,5,'2023-12-07 13:45:09','0','W'),(145,5,'2023-12-07 13:45:09','237','V'),(146,5,'2023-12-07 13:45:09','0','A'),(147,3,'2023-12-07 13:45:16','37','W'),(148,3,'2023-12-07 13:45:16','235','V'),(149,3,'2023-12-07 13:45:16','0','A'),(150,4,'2023-12-07 14:00:07','0','W'),(151,4,'2023-12-07 14:00:07','238','V'),(152,4,'2023-12-07 14:00:07','0','A'),(153,5,'2023-12-07 14:00:07','0','W'),(154,5,'2023-12-07 14:00:07','238','V'),(155,5,'2023-12-07 14:00:07','0','A'),(156,3,'2023-12-07 14:00:13','35','W'),(157,3,'2023-12-07 14:00:13','237','V'),(158,3,'2023-12-07 14:00:13','0','A'),(159,4,'2023-12-07 14:15:07','0','W'),(160,4,'2023-12-07 14:15:07','238','V'),(161,4,'2023-12-07 14:15:07','0','A'),(162,5,'2023-12-07 14:15:07','0','W'),(163,5,'2023-12-07 14:15:07','238','V'),(164,5,'2023-12-07 14:15:07','0','A'),(165,3,'2023-12-07 14:15:12','31','W'),(166,3,'2023-12-07 14:15:12','237','V'),(167,3,'2023-12-07 14:15:12','0','A'),(168,4,'2023-12-07 14:30:08','0','W'),(169,4,'2023-12-07 14:30:08','238','V'),(170,4,'2023-12-07 14:30:08','0','A'),(171,5,'2023-12-07 14:30:08','0','W'),(172,5,'2023-12-07 14:30:08','238','V'),(173,5,'2023-12-07 14:30:08','0','A'),(174,3,'2023-12-07 14:30:13','33','W'),(175,3,'2023-12-07 14:30:13','237','V'),(176,3,'2023-12-07 14:30:13','0','A'),(177,4,'2023-12-07 14:40:04','0','W'),(178,4,'2023-12-07 14:40:04','237','V'),(179,4,'2023-12-07 14:40:04','0','A'),(180,5,'2023-12-07 14:40:04','0','W'),(181,5,'2023-12-07 14:40:04','237','V'),(182,5,'2023-12-07 14:40:04','0','A'),(183,3,'2023-12-07 14:40:10','33','W'),(184,3,'2023-12-07 14:40:10','235','V'),(185,3,'2023-12-07 14:40:10','0','A'),(186,4,'2023-12-07 14:40:44','0','W'),(187,4,'2023-12-07 14:40:44','237','V'),(188,4,'2023-12-07 14:40:44','0','A'),(189,5,'2023-12-07 14:40:45','0','W'),(190,5,'2023-12-07 14:40:45','237','V'),(191,5,'2023-12-07 14:40:45','0','A'),(192,3,'2023-12-07 14:40:50','32','W'),(193,3,'2023-12-07 14:40:50','235','V'),(194,3,'2023-12-07 14:40:50','0','A'),(195,4,'2023-12-07 14:41:32','0','W'),(196,4,'2023-12-07 14:41:32','237','V'),(197,4,'2023-12-07 14:41:32','0','A'),(198,5,'2023-12-07 14:41:32','0','W'),(199,5,'2023-12-07 14:41:34','237','V'),(200,5,'2023-12-07 14:41:34','0','A'),(201,4,'2023-12-07 14:44:46','0','W'),(202,4,'2023-12-07 14:44:46','237','V'),(203,4,'2023-12-07 14:44:46','0','A'),(204,5,'2023-12-07 14:44:47','0','W'),(205,5,'2023-12-07 14:44:47','236','V'),(206,5,'2023-12-07 14:44:47','0','A'),(207,4,'2023-12-07 14:45:21','0','W'),(208,4,'2023-12-07 14:45:21','237','V'),(209,4,'2023-12-07 14:45:21','0','A'),(210,5,'2023-12-07 14:45:21','0','W'),(211,5,'2023-12-07 14:45:22','237','V'),(212,5,'2023-12-07 14:45:22','0','A'),(213,4,'2023-12-07 14:45:37','0','W'),(214,4,'2023-12-07 14:45:37','237','V'),(215,4,'2023-12-07 14:45:37','0','A'),(216,5,'2023-12-07 14:45:38','0','W'),(217,5,'2023-12-07 14:45:38','237','V'),(218,5,'2023-12-07 14:45:38','0','A'),(219,4,'2023-12-07 14:46:00','0','W'),(220,4,'2023-12-07 14:46:00','237','V'),(221,4,'2023-12-07 14:46:00','0','A'),(222,5,'2023-12-07 14:46:00','0','W'),(223,5,'2023-12-07 14:46:00','237','V'),(224,5,'2023-12-07 14:46:00','0','A'),(225,4,'2023-12-07 14:46:14','0','W'),(226,4,'2023-12-07 14:46:14','237','V'),(227,4,'2023-12-07 14:46:14','0','A'),(228,5,'2023-12-07 14:46:14','0','W'),(229,5,'2023-12-07 14:46:14','237','V'),(230,5,'2023-12-07 14:46:14','0','A'),(231,7,'2023-12-07 14:46:14','82','W\''),(232,4,'2023-12-07 14:52:51','0','W'),(233,4,'2023-12-07 14:52:51','237','V'),(234,4,'2023-12-07 14:52:51','0','A'),(235,5,'2023-12-07 14:52:51','0','W'),(236,5,'2023-12-07 14:52:51','237','V'),(237,5,'2023-12-07 14:52:51','0','A'),(238,7,'2023-12-07 14:52:51','95','W\''),(239,4,'2023-12-07 14:54:51','0','W'),(240,4,'2023-12-07 14:54:51','237','V'),(241,4,'2023-12-07 14:54:51','0','A'),(242,5,'2023-12-07 14:54:52','0','W'),(243,5,'2023-12-07 14:54:52','237','V'),(244,5,'2023-12-07 14:54:52','0','A'),(245,7,'2023-12-07 14:54:53','48','W\''),(246,4,'2023-12-07 15:00:03','0','W'),(247,4,'2023-12-07 15:00:03','237','V'),(248,4,'2023-12-07 15:00:03','0','A'),(249,5,'2023-12-07 15:00:03','0','W'),(250,5,'2023-12-07 15:00:03','237','V'),(251,5,'2023-12-07 15:00:03','0','A'),(252,4,'2023-12-07 15:00:32','0','W'),(253,4,'2023-12-07 15:00:32','238','V'),(254,4,'2023-12-07 15:00:32','0','A'),(255,5,'2023-12-07 15:00:33','0','W'),(256,5,'2023-12-07 15:00:33','238','V'),(257,5,'2023-12-07 15:00:33','0','A'),(258,4,'2023-12-07 15:15:02','0','W'),(259,4,'2023-12-07 15:15:02','237','V'),(260,4,'2023-12-07 15:15:02','0','A'),(261,5,'2023-12-07 15:15:02','0','W'),(262,5,'2023-12-07 15:15:02','237','V'),(263,5,'2023-12-07 15:15:02','0','A'),(264,4,'2023-12-07 15:21:25','0','W'),(265,4,'2023-12-07 15:21:25','237','V'),(266,4,'2023-12-07 15:21:25','0','A'),(267,5,'2023-12-07 15:21:25','0','W'),(268,5,'2023-12-07 15:21:25','237','V'),(269,5,'2023-12-07 15:21:25','0','A'),(270,4,'2023-12-07 15:30:03','0','W'),(271,4,'2023-12-07 15:30:03','237','V'),(272,4,'2023-12-07 15:30:03','0','A'),(273,5,'2023-12-07 15:30:03','0','W'),(274,5,'2023-12-07 15:30:03','237','V'),(275,5,'2023-12-07 15:30:03','0','A'),(276,4,'2023-12-07 15:45:03','0','W'),(277,4,'2023-12-07 15:45:03','236','V'),(278,4,'2023-12-07 15:45:03','0','A'),(279,5,'2023-12-07 15:45:03','0','W'),(280,5,'2023-12-07 15:45:03','236','V'),(281,5,'2023-12-07 15:45:03','0','A'),(282,4,'2023-12-07 16:00:04','0','W'),(283,4,'2023-12-07 16:00:04','236','V'),(284,4,'2023-12-07 16:00:04','0','A'),(285,5,'2023-12-07 16:00:04','0','W'),(286,5,'2023-12-07 16:00:04','236','V'),(287,5,'2023-12-07 16:00:04','0','A'),(288,4,'2023-12-07 16:15:03','0','W'),(289,4,'2023-12-07 16:15:03','237','V'),(290,4,'2023-12-07 16:15:03','0','A'),(291,5,'2023-12-07 16:15:03','0','W'),(292,5,'2023-12-07 16:15:03','237','V'),(293,5,'2023-12-07 16:15:03','0','A'),(294,4,'2023-12-07 17:45:14','0','W'),(295,4,'2023-12-07 17:45:14','232','V'),(296,4,'2023-12-07 17:45:14','0','A'),(297,5,'2023-12-07 17:45:14','0','W'),(298,5,'2023-12-07 17:45:14','232','V'),(299,5,'2023-12-07 17:45:14','0','A'),(300,4,'2023-12-08 08:00:07','0','W'),(301,4,'2023-12-08 08:00:07','234','V'),(302,4,'2023-12-08 08:00:07','0','A'),(303,5,'2023-12-08 08:00:08','0','W'),(304,5,'2023-12-08 08:00:08','234','V'),(305,5,'2023-12-08 08:00:08','0','A'),(306,4,'2023-12-08 09:06:19','3','W'),(307,4,'2023-12-08 09:06:19','232','V'),(308,4,'2023-12-08 09:06:19','0','A'),(309,5,'2023-12-08 09:06:19','0','W'),(310,5,'2023-12-08 09:06:19','232','V'),(311,5,'2023-12-08 09:06:19','0','A'),(312,7,'2023-12-08 09:06:19','35','W\''),(313,4,'2023-12-08 09:14:32','3','W'),(314,4,'2023-12-08 09:14:32','233','V'),(315,4,'2023-12-08 09:14:32','0','A'),(316,5,'2023-12-08 09:14:33','0','W'),(317,5,'2023-12-08 09:14:33','233','V'),(318,5,'2023-12-08 09:14:33','0','A'),(319,7,'2023-12-08 09:14:33','27','W\''),(320,4,'2023-12-08 09:15:05','3','W'),(321,4,'2023-12-08 09:15:05','233','V'),(322,4,'2023-12-08 09:15:05','0','A'),(323,5,'2023-12-08 09:15:05','0','W'),(324,5,'2023-12-08 09:15:05','233','V'),(325,5,'2023-12-08 09:15:05','0','A'),(326,4,'2023-12-08 09:30:04','3','W'),(327,4,'2023-12-08 09:30:04','233','V'),(328,4,'2023-12-08 09:30:04','0','A'),(329,5,'2023-12-08 09:30:05','0','W'),(330,5,'2023-12-08 09:30:05','233','V'),(331,5,'2023-12-08 09:30:05','0','A'),(332,7,'2023-12-08 09:30:05','98','W\''),(333,4,'2023-12-08 09:48:16','3','W'),(334,4,'2023-12-08 09:48:16','234','V'),(335,4,'2023-12-08 09:48:16','0','A'),(336,5,'2023-12-08 09:48:16','0','W'),(337,5,'2023-12-08 09:48:16','234','V'),(338,5,'2023-12-08 09:48:16','0','A'),(339,7,'2023-12-08 09:48:16','99','W\''),(340,4,'2023-12-08 09:49:05','3','W'),(341,4,'2023-12-08 09:49:05','234','V'),(342,4,'2023-12-08 09:49:05','0','A'),(343,5,'2023-12-08 09:49:05','0','W'),(344,5,'2023-12-08 09:49:05','234','V'),(345,5,'2023-12-08 09:49:05','0','A'),(346,7,'2023-12-08 09:49:05','43','W\''),(347,4,'2023-12-08 10:00:07','0','W'),(348,4,'2023-12-08 10:00:07','233','V'),(349,4,'2023-12-08 10:00:07','0','A'),(350,5,'2023-12-08 10:00:07','0','W'),(351,5,'2023-12-08 10:00:07','233','V'),(352,5,'2023-12-08 10:00:07','0','A'),(353,7,'2023-12-08 10:00:07','19','W\''),(354,4,'2023-12-08 10:15:07','3','W'),(355,4,'2023-12-08 10:15:07','232','V'),(356,4,'2023-12-08 10:15:07','0','A'),(357,5,'2023-12-08 10:15:07','0','W'),(358,5,'2023-12-08 10:15:07','232','V'),(359,5,'2023-12-08 10:15:07','0','A'),(360,7,'2023-12-08 10:15:07','24','W\''),(361,4,'2023-12-08 10:30:07','3','W'),(362,4,'2023-12-08 10:30:07','232','V'),(363,4,'2023-12-08 10:30:07','0','A'),(364,5,'2023-12-08 10:30:07','0','W'),(365,5,'2023-12-08 10:30:07','232','V'),(366,5,'2023-12-08 10:30:07','0','A'),(367,4,'2023-12-08 10:45:06','3','W'),(368,4,'2023-12-08 10:45:06','232','V'),(369,4,'2023-12-08 10:45:06','0','A'),(370,5,'2023-12-08 10:45:06','0','W'),(371,5,'2023-12-08 10:45:06','232','V'),(372,5,'2023-12-08 10:45:06','0','A'),(373,4,'2023-12-08 11:00:07','3','W'),(374,4,'2023-12-08 11:00:07','232','V'),(375,4,'2023-12-08 11:00:07','0','A'),(376,5,'2023-12-08 11:00:07','0','W'),(377,5,'2023-12-08 11:00:07','232','V'),(378,5,'2023-12-08 11:00:07','0','A'),(379,4,'2023-12-08 11:15:07','3','W'),(380,4,'2023-12-08 11:15:07','233','V'),(381,4,'2023-12-08 11:15:07','0','A'),(382,5,'2023-12-08 11:15:07','0','W'),(383,5,'2023-12-08 11:15:07','233','V'),(384,5,'2023-12-08 11:15:07','0','A'),(385,4,'2023-12-08 11:30:06','3','W'),(386,4,'2023-12-08 11:30:06','234','V'),(387,4,'2023-12-08 11:30:06','0','A'),(388,5,'2023-12-08 11:30:06','0','W'),(389,5,'2023-12-08 11:30:06','234','V'),(390,5,'2023-12-08 11:30:06','0','A'),(391,4,'2024-02-08 09:14:12','26','W'),(392,4,'2024-02-08 09:14:12','235','V'),(393,4,'2024-02-08 09:14:12','0','A'),(394,5,'2024-02-08 09:14:12','0','W'),(395,5,'2024-02-08 09:14:12','234','V'),(396,5,'2024-02-08 09:14:13','0','A'),(397,4,'2024-02-08 09:15:03','25','W'),(398,4,'2024-02-08 09:15:03','235','V'),(399,4,'2024-02-08 09:15:03','0','A'),(400,5,'2024-02-08 09:15:04','0','W'),(401,5,'2024-02-08 09:15:04','235','V'),(402,4,'2024-02-08 09:15:04','26','W'),(403,5,'2024-02-08 09:15:04','0','A'),(404,4,'2024-02-08 09:15:04','235','V'),(405,4,'2024-02-08 09:15:04','0','A'),(406,5,'2024-02-08 09:15:05','0','W'),(407,5,'2024-02-08 09:15:05','235','V'),(408,5,'2024-02-08 09:15:05','0','A'),(409,4,'2024-02-08 09:16:26','24','W'),(410,4,'2024-02-08 09:16:26','234','V'),(411,4,'2024-02-08 09:16:26','0','A'),(412,5,'2024-02-08 09:16:26','0','W'),(413,5,'2024-02-08 09:16:26','234','V'),(414,5,'2024-02-08 09:16:26','0','A'),(415,4,'2024-02-08 09:30:02','22','W'),(416,4,'2024-02-08 09:30:03','235','V'),(417,4,'2024-02-08 09:30:03','0','A'),(418,5,'2024-02-08 09:30:03','0','W'),(419,5,'2024-02-08 09:30:03','235','V'),(420,5,'2024-02-08 09:30:03','0','A'),(421,4,'2024-02-08 09:31:07','21','W'),(422,4,'2024-02-08 09:31:08','235','V'),(423,4,'2024-02-08 09:31:08','0','A'),(424,5,'2024-02-08 09:31:08','0','W'),(425,5,'2024-02-08 09:31:08','235','V'),(426,5,'2024-02-08 09:31:08','0','A'),(427,4,'2024-02-08 09:32:40','0','W'),(428,4,'2024-02-08 09:32:40','234','V'),(429,4,'2024-02-08 09:32:40','0','A'),(430,5,'2024-02-08 09:32:41','0','W'),(431,5,'2024-02-08 09:32:41','234','V'),(432,5,'2024-02-08 09:32:41','0','A'),(433,4,'2024-02-08 09:33:49','21','W'),(434,4,'2024-02-08 09:33:50','234','V'),(435,4,'2024-02-08 09:33:50','0','A'),(436,5,'2024-02-08 09:33:50','0','W'),(437,5,'2024-02-08 09:33:50','234','V'),(438,5,'2024-02-08 09:33:50','0','A'),(439,4,'2024-02-08 09:39:37','0','W'),(440,4,'2024-02-08 09:39:37','235','V'),(441,4,'2024-02-08 09:39:38','0','A'),(442,5,'2024-02-08 09:39:38','0','W'),(443,5,'2024-02-08 09:39:38','234','V'),(444,5,'2024-02-08 09:39:38','0','A'),(445,4,'2024-02-08 09:44:29','0','W'),(446,4,'2024-02-08 09:44:29','234','V'),(447,4,'2024-02-08 09:44:29','0','A'),(448,5,'2024-02-08 09:44:29','0','W'),(449,5,'2024-02-08 09:44:29','234','V'),(450,5,'2024-02-08 09:44:29','0','A'),(451,4,'2024-02-08 09:45:01','0','W'),(452,4,'2024-02-08 09:45:01','234','V'),(453,4,'2024-02-08 09:45:01','0','A'),(454,5,'2024-02-08 09:45:02','0','W'),(455,5,'2024-02-08 09:45:02','235','V'),(456,5,'2024-02-08 09:45:02','0','A'),(457,4,'2024-02-08 09:45:08','24','W'),(458,4,'2024-02-08 09:45:08','234','V'),(459,4,'2024-02-08 09:45:08','0','A'),(460,5,'2024-02-08 09:45:08','0','W'),(461,5,'2024-02-08 09:45:08','234','V'),(462,5,'2024-02-08 09:45:08','0','A'),(463,4,'2024-02-08 09:46:02','22','W'),(464,4,'2024-02-08 09:46:02','234','V'),(465,4,'2024-02-08 09:46:02','0','A'),(466,5,'2024-02-08 09:46:03','0','W'),(467,5,'2024-02-08 09:46:03','234','V'),(468,5,'2024-02-08 09:46:03','0','A'),(469,4,'2024-02-08 09:47:38','20','W'),(470,4,'2024-02-08 09:47:39','234','V'),(471,4,'2024-02-08 09:47:39','0','A'),(472,5,'2024-02-08 09:47:39','0','W'),(473,5,'2024-02-08 09:47:39','234','V'),(474,5,'2024-02-08 09:47:39','0','A'),(475,4,'2024-02-13 09:17:59','0','W'),(476,4,'2024-02-13 09:17:59','235','V'),(477,4,'2024-02-13 09:17:59','0','A'),(478,5,'2024-02-13 09:17:59','0','W'),(479,5,'2024-02-13 09:17:59','235','V'),(480,5,'2024-02-13 09:17:59','0','A'),(481,3,'2024-02-13 09:18:04','0','W'),(482,3,'2024-02-13 09:18:04','235','V'),(483,3,'2024-02-13 09:18:04','0','A'),(484,4,'2024-02-13 09:22:53','0','W'),(485,4,'2024-02-13 09:22:53','235','V'),(486,4,'2024-02-13 09:22:53','0','A'),(487,5,'2024-02-13 09:22:54','0','W'),(488,5,'2024-02-13 09:22:54','235','V'),(489,5,'2024-02-13 09:22:54','0','A'),(490,3,'2024-02-13 09:22:58','0','W'),(491,3,'2024-02-13 09:22:58','235','V'),(492,3,'2024-02-13 09:22:58','0','A'),(493,4,'2024-02-13 09:30:05','0','W'),(494,4,'2024-02-13 09:30:05','235','V'),(495,4,'2024-02-13 09:30:05','0','A'),(496,5,'2024-02-13 09:30:05','0','W'),(497,5,'2024-02-13 09:30:05','235','V'),(498,5,'2024-02-13 09:30:05','0','A'),(499,3,'2024-02-13 09:30:10','0','W'),(500,3,'2024-02-13 09:30:10','235','V'),(501,3,'2024-02-13 09:30:10','0','A'),(502,4,'2024-02-13 09:30:40','0','W'),(503,4,'2024-02-13 09:30:40','235','V'),(504,4,'2024-02-13 09:30:40','0','A'),(505,5,'2024-02-13 09:30:41','0','W'),(506,5,'2024-02-13 09:30:41','235','V'),(507,5,'2024-02-13 09:30:41','0','A'),(508,3,'2024-02-13 09:30:45','0','W'),(509,3,'2024-02-13 09:30:45','235','V'),(510,3,'2024-02-13 09:30:45','0','A'),(511,4,'2024-02-13 09:31:14','0','W'),(512,4,'2024-02-13 09:31:14','235','V'),(513,4,'2024-02-13 09:31:14','0','A'),(514,5,'2024-02-13 09:31:14','0','W'),(515,5,'2024-02-13 09:31:14','235','V'),(516,5,'2024-02-13 09:31:14','0','A'),(517,3,'2024-02-13 09:31:18','0','W'),(518,3,'2024-02-13 09:31:18','235','V'),(519,3,'2024-02-13 09:31:18','0','A'),(520,4,'2024-02-13 09:35:01','0','W'),(521,4,'2024-02-13 09:35:01','235','V'),(522,4,'2024-02-13 09:35:01','0','A'),(523,5,'2024-02-13 09:35:01','0','W'),(524,5,'2024-02-13 09:35:01','235','V'),(525,5,'2024-02-13 09:35:01','0','A'),(526,7,'2024-02-13 09:35:01','90','W\''),(527,7,'2024-02-13 09:35:01','90','W\''),(528,3,'2024-02-13 09:35:05','0','W'),(529,3,'2024-02-13 09:35:05','235','V'),(530,3,'2024-02-13 09:35:05','0','A'),(531,4,'2024-02-13 09:45:05','0','W'),(532,4,'2024-02-13 09:45:05','236','V'),(533,4,'2024-02-13 09:45:05','0','A'),(534,5,'2024-02-13 09:45:05','0','W'),(535,5,'2024-02-13 09:45:05','236','V'),(536,5,'2024-02-13 09:45:05','0','A'),(537,7,'2024-02-13 09:45:05','25','W\''),(538,7,'2024-02-13 09:45:05','25','W\''),(539,3,'2024-02-13 09:45:10','0','W'),(540,3,'2024-02-13 09:45:10','235','V'),(541,3,'2024-02-13 09:45:10','0','A'),(542,4,'2024-02-13 09:49:11','0','W'),(543,4,'2024-02-13 09:49:11','236','V'),(544,4,'2024-02-13 09:49:11','0','A'),(545,5,'2024-02-13 09:49:11','0','W'),(546,5,'2024-02-13 09:49:11','236','V'),(547,5,'2024-02-13 09:49:11','0','A'),(548,7,'2024-02-13 09:49:11','52','W'),(549,7,'2024-02-13 09:49:11','52','W'),(550,7,'2024-02-13 09:49:11','52','W'),(551,3,'2024-02-13 09:49:15','0','W'),(552,3,'2024-02-13 09:49:15','235','V'),(553,3,'2024-02-13 09:49:15','0','A'),(554,4,'2024-02-13 10:00:06','0','W'),(555,4,'2024-02-13 10:00:06','236','V'),(556,4,'2024-02-13 10:00:06','0','A'),(557,5,'2024-02-13 10:00:06','0','W'),(558,5,'2024-02-13 10:00:06','235','V'),(559,5,'2024-02-13 10:00:06','0','A'),(560,7,'2024-02-13 10:00:07','29','W'),(561,7,'2024-02-13 10:00:07','29','W'),(562,7,'2024-02-13 10:00:07','29','W\''),(563,3,'2024-02-13 10:00:16','0','W'),(564,3,'2024-02-13 10:00:16','235','V'),(565,3,'2024-02-13 10:00:16','0','A'),(566,4,'2024-02-13 10:15:06','0','W'),(567,4,'2024-02-13 10:15:06','236','V'),(568,4,'2024-02-13 10:15:06','0','A'),(569,5,'2024-02-13 10:15:06','0','W'),(570,5,'2024-02-13 10:15:06','236','V'),(571,5,'2024-02-13 10:15:06','0','A'),(572,7,'2024-02-13 10:15:06','53','W'),(573,7,'2024-02-13 10:15:06','53','W'),(574,7,'2024-02-13 10:15:06','53','W\''),(575,3,'2024-02-13 10:15:10','0','W'),(576,3,'2024-02-13 10:15:10','235','V'),(577,3,'2024-02-13 10:15:10','0','A'),(578,4,'2024-02-13 10:30:05','0','W'),(579,4,'2024-02-13 10:30:05','236','V'),(580,4,'2024-02-13 10:30:05','0','A'),(581,5,'2024-02-13 10:30:06','0','W'),(582,5,'2024-02-13 10:30:06','236','V'),(583,5,'2024-02-13 10:30:06','0','A'),(584,7,'2024-02-13 10:30:06','56','W'),(585,7,'2024-02-13 10:30:06','56','W'),(586,7,'2024-02-13 10:30:06','56','W\''),(587,3,'2024-02-13 10:30:10','0','W'),(588,3,'2024-02-13 10:30:10','235','V'),(589,3,'2024-02-13 10:30:10','0','A'),(590,4,'2024-02-13 10:32:09','0','W'),(591,4,'2024-02-13 10:32:09','236','V'),(592,4,'2024-02-13 10:32:09','0','A'),(593,5,'2024-02-13 10:32:10','0','W'),(594,5,'2024-02-13 10:32:10','236','V'),(595,5,'2024-02-13 10:32:10','0','A'),(596,7,'2024-02-13 10:32:10','30','W'),(597,7,'2024-02-13 10:32:10','30','W'),(598,7,'2024-02-13 10:32:10','30','W\''),(599,3,'2024-02-13 10:32:14','0','W'),(600,3,'2024-02-13 10:32:14','235','V'),(601,3,'2024-02-13 10:32:14','0','A'),(602,4,'2024-02-13 10:45:05','0','W'),(603,4,'2024-02-13 10:45:05','236','V'),(604,4,'2024-02-13 10:45:05','0','A'),(605,5,'2024-02-13 10:45:06','0','W'),(606,5,'2024-02-13 10:45:06','236','V'),(607,5,'2024-02-13 10:45:06','0','A'),(608,7,'2024-02-13 10:45:06','55','W'),(609,7,'2024-02-13 10:45:06','55','W\''),(610,7,'2024-02-13 10:45:06','55','W'),(611,3,'2024-02-13 10:45:10','0','W'),(612,3,'2024-02-13 10:45:10','235','V'),(613,3,'2024-02-13 10:45:10','0','A'),(614,4,'2024-02-12 11:00:07','0','W'),(615,4,'2024-02-12 11:00:07','236','V'),(616,4,'2024-02-12 11:00:07','0','A'),(617,5,'2024-02-12 11:00:07','0','W'),(618,5,'2024-02-12 11:00:07','236','V'),(619,5,'2024-02-13 11:00:07','0','A'),(620,7,'2024-02-13 11:00:07','13','W'),(621,7,'2024-02-13 11:00:07','13','W\''),(622,7,'2024-02-13 11:00:07','13','W'),(623,3,'2024-02-13 11:00:12','0','W'),(624,3,'2024-02-12 11:00:12','235','V'),(625,3,'2024-02-12 11:00:12','0','A'),(626,4,'2024-02-13 14:00:09','0','W'),(627,4,'2024-02-13 14:00:09','238','V'),(628,4,'2024-02-13 14:00:09','0','A'),(629,5,'2024-02-13 14:00:09','0','W'),(630,5,'2024-02-13 14:00:09','238','V'),(631,5,'2024-02-13 14:00:09','0','A'),(632,7,'2024-02-13 14:00:10','30','W'),(633,7,'2024-02-13 14:00:10','30','W'),(634,7,'2024-02-13 14:00:10','30','W\''),(635,3,'2024-02-13 14:00:18','0','W'),(636,3,'2024-02-13 14:00:18','235','V'),(637,3,'2024-02-13 14:00:18','0','A'),(638,4,'2024-02-13 14:15:06','0','W'),(639,4,'2024-02-13 14:15:06','236','V'),(640,4,'2024-02-13 14:15:06','0','A'),(641,5,'2024-02-13 14:15:07','0','W'),(642,5,'2024-02-13 14:15:07','236','V'),(643,5,'2024-02-13 14:15:07','0','A'),(644,7,'2024-02-13 14:15:07','84','W'),(645,7,'2024-02-13 14:15:07','84','W'),(646,7,'2024-02-13 14:15:07','84','W\''),(647,3,'2024-02-13 14:15:12','0','W'),(648,3,'2024-02-13 14:15:12','235','V'),(649,3,'2024-02-13 14:15:12','0','A'),(650,4,'2024-02-13 14:30:07','0','W'),(651,4,'2024-02-13 14:30:07','236','V'),(652,4,'2024-02-13 14:30:07','0','A'),(653,5,'2024-02-13 14:30:08','0','W'),(654,5,'2024-02-13 14:30:08','236','V'),(655,5,'2024-02-13 14:30:08','0','A'),(656,3,'2024-02-13 14:30:13','0','W'),(657,3,'2024-02-13 14:30:13','235','V'),(658,3,'2024-02-13 14:30:13','0','A'),(659,4,'2024-02-13 14:45:06','0','W'),(660,4,'2024-02-13 14:45:06','236','V'),(661,4,'2024-02-13 14:45:06','0','A'),(662,5,'2024-02-13 14:45:06','0','W'),(663,5,'2024-02-13 14:45:06','236','V'),(664,5,'2024-02-13 14:45:06','0','A'),(665,3,'2024-02-13 14:45:11','26','W'),(666,3,'2024-02-13 14:45:11','235','V'),(667,3,'2024-02-13 14:45:11','0','A'),(668,4,'2024-02-13 15:00:08','0','W'),(669,4,'2024-02-13 15:00:08','237','V'),(670,4,'2024-02-13 15:00:08','0','A'),(671,5,'2024-02-13 15:00:08','0','W'),(672,5,'2024-02-13 15:00:08','237','V'),(673,5,'2024-02-13 15:00:08','0','A'),(674,3,'2024-02-13 15:00:13','0','W'),(675,3,'2024-02-13 15:00:13','235','V'),(676,3,'2024-02-13 15:00:13','0','A'),(677,4,'2024-02-13 15:15:06','0','W'),(678,4,'2024-02-13 15:15:06','237','V'),(679,4,'2024-02-13 15:15:06','0','A'),(680,5,'2024-02-13 15:15:06','0','W'),(681,5,'2024-02-13 15:15:06','237','V'),(682,5,'2024-02-13 15:15:06','0','A'),(683,3,'2024-02-13 15:15:11','0','W'),(684,3,'2024-02-13 15:15:11','235','V'),(685,3,'2024-02-13 15:15:11','0','A'),(686,4,'2024-02-13 15:30:07','0','W'),(687,4,'2024-02-13 15:30:07','237','V'),(688,4,'2024-02-13 15:30:07','0','A'),(689,5,'2024-02-13 15:30:08','0','W'),(690,5,'2024-02-13 15:30:08','237','V'),(691,5,'2024-02-13 15:30:08','0','A'),(692,3,'2024-02-13 15:30:13','0','W'),(693,3,'2024-02-13 15:30:13','235','V'),(694,3,'2024-02-13 15:30:13','0','A'),(695,4,'2024-02-14 09:15:06','0','W'),(696,4,'2024-02-14 09:15:06','234','V'),(697,4,'2024-02-14 09:15:06','0','A'),(698,5,'2024-02-14 09:15:06','0','W'),(699,5,'2024-02-14 09:15:06','234','V'),(700,5,'2024-02-14 09:15:06','0','A'),(701,3,'2024-02-14 09:15:11','0','W'),(702,3,'2024-02-14 09:15:11','0','V'),(703,3,'2024-02-14 09:15:11','0','A'),(704,4,'2024-02-14 09:27:49','0','W'),(705,4,'2024-02-14 09:27:49','235','V'),(706,4,'2024-02-14 09:27:49','0','A'),(707,5,'2024-02-14 09:27:49','0','W'),(708,5,'2024-02-14 09:27:49','235','V'),(709,5,'2024-02-14 09:27:49','0','A'),(710,3,'2024-02-14 09:27:55','0','W'),(711,3,'2024-02-14 09:27:55','0','V'),(712,3,'2024-02-14 09:27:55','0','A'),(713,4,'2024-02-14 09:30:06','0','W'),(714,4,'2024-02-14 09:30:06','234','V'),(715,4,'2024-02-14 09:30:06','0','A'),(716,5,'2024-02-14 09:30:06','0','W'),(717,5,'2024-02-14 09:30:06','234','V'),(718,5,'2024-02-14 09:30:06','0','A'),(719,3,'2024-02-14 09:30:12','0','W'),(720,3,'2024-02-14 09:30:12','0','V'),(721,3,'2024-02-14 09:30:12','0','A'),(722,4,'2024-02-14 09:35:43','0','W'),(723,4,'2024-02-14 09:35:43','234','V'),(724,4,'2024-02-14 09:35:43','0','A'),(725,5,'2024-02-14 09:35:44','0','W'),(726,5,'2024-02-14 09:35:44','234','V'),(727,5,'2024-02-14 09:35:44','0','A'),(728,3,'2024-02-14 09:35:49','0','W'),(729,3,'2024-02-14 09:35:49','0','V'),(730,3,'2024-02-14 09:35:49','0','A'),(731,4,'2024-02-14 09:38:48','0','W'),(732,4,'2024-02-14 09:38:48','234','V'),(733,4,'2024-02-14 09:38:48','0','A'),(734,5,'2024-02-14 09:38:48','0','W'),(735,5,'2024-02-14 09:38:48','234','V'),(736,5,'2024-02-14 09:38:48','0','A'),(737,3,'2024-02-14 09:38:53','0','W'),(738,3,'2024-02-14 09:38:53','0','V'),(739,3,'2024-02-14 09:38:53','0','A'),(740,4,'2024-02-14 09:40:59','0','W'),(741,4,'2024-02-14 09:40:59','234','V'),(742,4,'2024-02-14 09:40:59','0','A'),(743,5,'2024-02-14 09:40:59','0','W'),(744,5,'2024-02-14 09:40:59','234','V'),(745,5,'2024-02-14 09:40:59','0','A'),(746,3,'2024-02-14 09:41:04','0','W'),(747,3,'2024-02-14 09:41:04','0','V'),(748,3,'2024-02-14 09:41:04','0','A'),(749,4,'2024-02-14 09:55:10','0','W'),(750,4,'2024-02-14 09:55:10','234','V'),(751,4,'2024-02-14 09:55:10','0','A'),(752,5,'2024-02-14 09:55:10','0','W'),(753,5,'2024-02-14 09:55:10','234','V'),(754,5,'2024-02-14 09:55:10','0','A'),(755,7,'2024-02-14 09:55:10','96','W'),(756,7,'2024-02-14 09:55:10','96','W'),(757,7,'2024-02-14 09:55:10','96','W'),(758,3,'2024-02-14 09:55:15','0','W'),(759,3,'2024-02-14 09:55:15','0','V'),(760,3,'2024-02-14 09:55:15','0','A'),(761,4,'2024-02-14 10:00:56','0','W'),(762,4,'2024-02-14 10:00:56','235','V'),(763,4,'2024-02-14 10:00:56','0','A'),(764,5,'2024-02-14 10:00:56','0','W'),(765,5,'2024-02-14 10:00:56','235','V'),(766,5,'2024-02-14 10:00:56','0','A'),(767,7,'2024-02-14 10:00:56','28','W'),(768,7,'2024-02-14 10:00:56','28','W'),(769,7,'2024-02-14 10:00:56','28','W'),(770,3,'2024-02-14 10:01:02','0','W'),(771,3,'2024-02-14 10:01:02','0','V'),(772,3,'2024-02-14 10:01:02','0','A'),(773,4,'2024-02-14 10:29:50','0','W'),(774,4,'2024-02-14 10:29:50','234','V'),(775,4,'2024-02-14 10:29:50','0','A'),(776,5,'2024-02-14 10:29:50','0','W'),(777,5,'2024-02-14 10:29:50','234','V'),(778,5,'2024-02-14 10:29:50','0','A'),(779,7,'2024-02-14 10:29:50','47','W'),(780,7,'2024-02-14 10:29:50','47','W'),(781,7,'2024-02-14 10:29:50','47','W'),(782,3,'2024-02-14 10:29:56','0','W'),(783,3,'2024-02-14 10:29:56','0','V'),(784,3,'2024-02-14 10:29:56','0','A'),(785,4,'2024-02-14 13:36:59','0','W'),(786,4,'2024-02-14 13:36:59','235','V'),(787,4,'2024-02-14 13:36:59','0','A'),(788,5,'2024-02-14 13:36:59','0','W'),(789,5,'2024-02-14 13:36:59','235','V'),(790,5,'2024-02-14 13:36:59','0','A'),(791,7,'2024-02-14 13:36:59','10','W'),(792,7,'2024-02-14 13:36:59','10','W'),(793,7,'2024-02-14 13:36:59','10','W'),(794,3,'2024-02-14 13:37:24','67','W'),(795,3,'2024-02-14 13:37:24','235','V'),(796,3,'2024-02-14 13:37:24','0','A'),(797,4,'2024-02-14 13:44:07','0','W'),(798,4,'2024-02-14 13:44:07','235','V'),(799,4,'2024-02-14 13:44:07','0','A'),(800,5,'2024-02-14 13:44:07','0','W'),(801,5,'2024-02-14 13:44:07','235','V'),(802,5,'2024-02-14 13:44:07','0','A'),(803,7,'2024-02-14 13:44:07','82','W'),(804,7,'2024-02-14 13:44:07','82','W'),(805,7,'2024-02-14 13:44:07','82','W\''),(806,3,'2024-02-14 13:44:12','60','W'),(807,3,'2024-02-14 13:44:12','233','V'),(808,3,'2024-02-14 13:44:12','0','A'),(809,4,'2024-02-14 13:45:05','0','W'),(810,4,'2024-02-14 13:45:05','236','V'),(811,4,'2024-02-14 13:45:05','0','A'),(812,4,'2024-02-14 13:45:05','0','W'),(813,4,'2024-02-14 13:45:05','236','V'),(814,4,'2024-02-14 13:45:05','0','A'),(815,5,'2024-02-14 13:45:05','0','W'),(816,5,'2024-02-14 13:45:05','235','V'),(817,5,'2024-02-14 13:45:05','0','A'),(818,7,'2024-02-14 13:45:05','57','W'),(819,7,'2024-02-14 13:45:05','57','W'),(820,7,'2024-02-14 13:45:05','57','W\''),(821,7,'2024-02-14 13:45:05','57','W'),(822,5,'2024-02-14 13:45:06','0','W'),(823,5,'2024-02-14 13:45:06','235','V'),(824,5,'2024-02-14 13:45:06','0','A'),(825,7,'2024-02-14 13:45:06','46','W'),(826,7,'2024-02-14 13:45:06','46','W'),(827,7,'2024-02-14 13:45:06','46','W'),(828,7,'2024-02-14 13:45:06','46','W\''),(829,7,'2024-02-14 13:45:06','46','W'),(830,3,'2024-02-14 13:45:10','74','W'),(831,3,'2024-02-14 13:45:10','233','V'),(832,3,'2024-02-14 13:45:10','0','A'),(833,3,'2024-02-14 13:45:10','79','W'),(834,3,'2024-02-14 13:45:10','233','V'),(835,3,'2024-02-14 13:45:10','0','A'),(836,7,'2024-02-14 14:00:25','65','W'),(837,7,'2024-02-14 14:00:25','65','W\''),(838,7,'2024-02-14 14:00:25','65','W'),(839,7,'2024-02-14 14:00:25','65','W'),(840,7,'2024-02-14 14:00:28','55','W'),(841,7,'2024-02-14 14:00:28','55','W\''),(842,7,'2024-02-14 14:00:28','55','W'),(843,7,'2024-02-14 14:00:28','55','W'),(844,7,'2024-02-14 14:00:28','55','W'),(845,3,'2024-02-14 14:00:33','60','W'),(846,3,'2024-02-14 14:00:33','233','V'),(847,3,'2024-02-14 14:00:33','0','A'),(848,3,'2024-02-14 14:00:36','56','W'),(849,3,'2024-02-14 14:00:36','233','V'),(850,3,'2024-02-14 14:00:36','0','A'),(851,4,'2024-02-14 14:15:06','0','W'),(852,4,'2024-02-14 14:15:06','0','W'),(853,4,'2024-02-14 14:15:06','236','V'),(854,4,'2024-02-14 14:15:06','236','V'),(855,4,'2024-02-14 14:15:06','0','A'),(856,4,'2024-02-14 14:15:06','0','A'),(857,5,'2024-02-14 14:15:06','0','W'),(858,5,'2024-02-14 14:15:06','236','V'),(859,5,'2024-02-14 14:15:06','0','W'),(860,5,'2024-02-14 14:15:06','0','A'),(861,5,'2024-02-14 14:15:06','236','V'),(862,5,'2024-02-14 14:15:06','0','A'),(863,7,'2024-02-14 14:15:06','85','W'),(864,7,'2024-02-14 14:15:06','85','W'),(865,7,'2024-02-14 14:15:06','85','W'),(866,7,'2024-02-14 14:15:06','85','W'),(867,7,'2024-02-14 14:15:06','85','W\''),(868,7,'2024-02-14 14:15:06','30','W'),(869,7,'2024-02-14 14:15:06','30','W'),(870,7,'2024-02-14 14:15:06','30','W'),(871,7,'2024-02-14 14:15:06','30','W'),(872,7,'2024-02-14 14:15:06','30','W\''),(873,3,'2024-02-14 14:15:11','60','W'),(874,3,'2024-02-14 14:15:11','235','V'),(875,3,'2024-02-14 14:15:11','0','A'),(876,3,'2024-02-14 14:15:11','60','W'),(877,3,'2024-02-14 14:15:11','235','V'),(878,3,'2024-02-14 14:15:11','0','A'),(879,7,'2024-02-14 14:30:27','0','W'),(880,7,'2024-02-14 14:30:27','0','W'),(881,3,'2024-02-14 14:30:31','47','W'),(882,3,'2024-02-14 14:30:31','233','V'),(883,3,'2024-02-14 14:30:31','0','A'),(884,3,'2024-02-14 14:45:16','53','W'),(885,3,'2024-02-14 14:45:16','235','V'),(886,3,'2024-02-14 14:45:16','0','A'),(887,3,'2024-02-14 14:45:16','53','W'),(888,3,'2024-02-14 14:45:16','235','V'),(889,3,'2024-02-14 14:45:16','0','A'),(890,7,'2024-02-14 15:00:13','0','W'),(891,7,'2024-02-14 15:00:13','0','W'),(892,7,'2024-02-14 15:00:13','0','W'),(893,7,'2024-02-14 15:00:13','0','W'),(894,7,'2024-02-14 15:00:13','0','W\''),(895,7,'2024-02-14 15:00:13','0','W'),(896,7,'2024-02-14 15:00:13','0','W'),(897,7,'2024-02-14 15:00:13','0','W'),(898,7,'2024-02-14 15:00:13','0','W\''),(899,7,'2024-02-14 15:00:13','0','W'),(900,3,'2024-02-14 15:00:18','54','W'),(901,3,'2024-02-14 15:00:18','235','V'),(902,3,'2024-02-14 15:00:18','0','A'),(903,3,'2024-02-14 15:00:18','54','W'),(904,3,'2024-02-14 15:00:18','235','V'),(905,3,'2024-02-14 15:00:18','0','A'),(906,7,'2024-02-14 15:15:11','0','W'),(907,7,'2024-02-14 15:15:11','0','W'),(908,7,'2024-02-14 15:15:11','0','W\''),(909,3,'2024-02-14 15:15:16','60','W'),(910,3,'2024-02-14 15:15:16','235','V'),(911,3,'2024-02-14 15:15:16','0','A'),(912,3,'2024-02-15 09:00:16','55','W'),(913,3,'2024-02-15 09:00:16','235','V'),(914,3,'2024-02-15 09:00:16','0','A'),(915,3,'2024-02-15 09:00:16','55','W'),(916,3,'2024-02-15 09:00:16','235','V'),(917,3,'2024-02-15 09:00:16','0','A'),(918,9,'2024-02-15 09:14:12','1','W'),(919,3,'2024-02-15 09:15:15','59','W'),(920,3,'2024-02-15 09:15:15','235','V'),(921,3,'2024-02-15 09:15:15','0','A'),(922,3,'2024-02-15 09:15:15','59','W'),(923,3,'2024-02-15 09:15:15','235','V'),(924,3,'2024-02-15 09:15:15','0','A'),(925,9,'2024-02-15 09:15:24','1','W'),(926,3,'2024-02-15 09:28:15','51','W'),(927,3,'2024-02-15 09:28:15','235','V'),(928,3,'2024-02-15 09:28:15','0','A'),(929,3,'2024-02-15 09:29:53','1','W'),(930,3,'2024-02-15 09:29:53','235','V'),(931,3,'2024-02-15 09:29:53','0','A'),(932,3,'2024-02-15 09:30:18','1','W'),(933,3,'2024-02-15 09:30:18','235','V'),(934,3,'2024-02-15 09:30:18','0','A'),(935,3,'2024-02-15 09:30:18','1','W'),(936,3,'2024-02-15 09:30:18','235','V'),(937,3,'2024-02-15 09:30:18','0','A'),(938,4,'2024-02-15 09:31:46','0','W'),(939,4,'2024-02-15 09:31:46','236','V'),(940,4,'2024-02-15 09:31:46','0','A'),(941,5,'2024-02-15 09:31:48','50','W'),(942,5,'2024-02-15 09:31:48','236','V'),(943,5,'2024-02-15 09:31:48','0','A'),(944,3,'2024-02-15 09:32:00','1','W'),(945,3,'2024-02-15 09:32:00','235','V'),(946,3,'2024-02-15 09:32:00','0','A'),(947,9,'2024-02-15 09:44:23','17','W'),(948,9,'2024-02-15 09:44:34','17','W'),(949,9,'2024-02-15 09:44:45','17','W'),(950,9,'2024-02-15 09:44:56','17','W'),(951,4,'2024-02-15 09:45:05','0','W'),(952,4,'2024-02-15 09:45:05','236','V'),(953,4,'2024-02-15 09:45:05','0','A'),(954,5,'2024-02-15 09:45:06','0','W'),(955,5,'2024-02-15 09:45:06','236','V'),(956,5,'2024-02-15 09:45:06','0','A'),(957,9,'2024-02-15 09:45:07','17','W'),(958,3,'2024-02-15 09:45:11','1','W'),(959,3,'2024-02-15 09:45:11','235','V'),(960,3,'2024-02-15 09:45:11','0','A'),(961,9,'2024-02-15 09:45:18','17','W'),(962,9,'2024-02-15 09:45:30','17','W'),(963,9,'2024-02-15 09:45:41','17','W'),(964,9,'2024-02-15 09:45:52','17','W'),(965,9,'2024-02-15 09:46:03','17','W'),(966,9,'2024-02-15 09:46:14','17','W'),(967,9,'2024-02-15 09:46:25','17','W'),(968,9,'2024-02-15 09:46:37','17','W'),(969,9,'2024-02-15 09:46:48','17','W'),(970,4,'2024-02-15 10:01:08','0','W'),(971,4,'2024-02-15 10:01:08','236','V'),(972,4,'2024-02-15 10:01:08','0','A'),(973,5,'2024-02-15 10:01:08','79','W'),(974,5,'2024-02-15 10:01:08','236','V'),(975,5,'2024-02-15 10:01:08','0','A'),(976,3,'2024-02-15 10:03:09','1','W'),(977,3,'2024-02-15 10:03:09','235','V'),(978,3,'2024-02-15 10:03:09','0','A'),(979,9,'2024-02-15 10:11:25','1','W'),(980,10,'2024-02-15 10:11:25','1','W'),(981,9,'2024-02-15 10:11:25','7','W'),(982,10,'2024-02-15 10:11:25','7','W'),(983,9,'2024-02-15 10:11:36','1','W'),(984,10,'2024-02-15 10:11:36','1','W'),(985,9,'2024-02-15 10:11:36','7','W'),(986,10,'2024-02-15 10:11:36','7','W'),(987,9,'2024-02-15 10:11:47','1','W'),(988,10,'2024-02-15 10:11:47','1','W'),(989,9,'2024-02-15 10:11:47','7','W'),(990,10,'2024-02-15 10:11:47','7','W'),(991,9,'2024-02-15 10:11:59','1','W'),(992,10,'2024-02-15 10:11:59','1','W'),(993,9,'2024-02-15 10:11:59','7','W'),(994,10,'2024-02-15 10:11:59','7','W'),(995,9,'2024-02-15 10:12:10','1','W'),(996,10,'2024-02-15 10:12:10','1','W'),(997,9,'2024-02-15 10:12:10','7','W'),(998,10,'2024-02-15 10:12:10','7','W'),(999,9,'2024-02-15 10:12:21','1','W'),(1000,10,'2024-02-15 10:12:21','1','W'),(1001,9,'2024-02-15 10:12:21','7','W'),(1002,10,'2024-02-15 10:12:21','7','W'),(1003,9,'2024-02-15 10:12:32','1','W'),(1004,10,'2024-02-15 10:12:32','1','W'),(1005,9,'2024-02-15 10:12:32','7','W'),(1006,10,'2024-02-15 10:12:32','7','W'),(1007,9,'2024-02-15 10:13:16','1','W'),(1008,10,'2024-02-15 10:13:16','1','W'),(1009,9,'2024-02-15 10:13:16','7','W'),(1010,10,'2024-02-15 10:13:16','7','W'),(1011,9,'2024-02-15 10:13:50','17','W'),(1012,10,'2024-02-15 10:13:50','17','W'),(1013,9,'2024-02-15 10:13:50','45','W'),(1014,10,'2024-02-15 10:13:50','45','W'),(1015,9,'2024-02-15 10:14:01','17','W'),(1016,10,'2024-02-15 10:14:01','17','W'),(1017,9,'2024-02-15 10:14:01','45','W'),(1018,10,'2024-02-15 10:14:01','45','W'),(1019,9,'2024-02-15 10:14:12','17','W'),(1020,10,'2024-02-15 10:14:12','17','W'),(1021,9,'2024-02-15 10:14:12','45','W'),(1022,10,'2024-02-15 10:14:12','45','W'),(1023,4,'2024-02-15 10:15:08','0','W'),(1024,4,'2024-02-15 10:15:08','237','V'),(1025,4,'2024-02-15 10:15:08','0','A'),(1026,5,'2024-02-15 10:15:09','0','W'),(1027,5,'2024-02-15 10:15:09','236','V'),(1028,5,'2024-02-15 10:15:09','0','A'),(1029,3,'2024-02-15 10:15:15','69','W'),(1030,3,'2024-02-15 10:15:15','235','V'),(1031,3,'2024-02-15 10:15:15','0','A'),(1032,9,'2024-02-15 10:16:19','17','W'),(1033,10,'2024-02-15 10:16:19','17','W'),(1034,9,'2024-02-15 10:16:19','45','W'),(1035,10,'2024-02-15 10:16:19','45','W'),(1036,9,'2024-02-15 10:16:31','17','W'),(1037,10,'2024-02-15 10:16:31','17','W'),(1038,9,'2024-02-15 10:16:31','45','W'),(1039,10,'2024-02-15 10:16:31','45','W'),(1040,9,'2024-02-15 10:16:42','17','W'),(1041,10,'2024-02-15 10:16:42','17','W'),(1042,9,'2024-02-15 10:16:42','45','W'),(1043,10,'2024-02-15 10:16:42','45','W'),(1044,9,'2024-02-15 10:16:53','17','W'),(1045,10,'2024-02-15 10:16:53','17','W'),(1046,9,'2024-02-15 10:16:53','45','W'),(1047,10,'2024-02-15 10:16:53','45','W'),(1048,9,'2024-02-15 10:17:04','17','W'),(1049,10,'2024-02-15 10:17:04','17','W'),(1050,9,'2024-02-15 10:17:04','45','W'),(1051,10,'2024-02-15 10:17:04','45','W'),(1052,9,'2024-02-15 10:17:15','17','W'),(1053,10,'2024-02-15 10:17:15','17','W'),(1054,9,'2024-02-15 10:17:15','45','W'),(1055,10,'2024-02-15 10:17:15','45','W'),(1056,9,'2024-02-15 10:17:26','17','W'),(1057,10,'2024-02-15 10:17:26','17','W'),(1058,9,'2024-02-15 10:17:26','45','W'),(1059,10,'2024-02-15 10:17:26','45','W'),(1060,9,'2024-02-15 10:17:37','17','W'),(1061,10,'2024-02-15 10:17:37','17','W'),(1062,9,'2024-02-15 10:17:37','45','W'),(1063,10,'2024-02-15 10:17:37','45','W'),(1064,9,'2024-02-15 10:18:22','17','W'),(1065,10,'2024-02-15 10:18:22','17','W'),(1066,9,'2024-02-15 10:18:22','45','W'),(1067,10,'2024-02-15 10:18:22','45','W'),(1068,9,'2024-02-15 10:18:33','17','W'),(1069,10,'2024-02-15 10:18:33','17','W'),(1070,9,'2024-02-15 10:18:33','45','W'),(1071,10,'2024-02-15 10:18:33','45','W'),(1072,9,'2024-02-15 10:18:49','17','W'),(1073,10,'2024-02-15 10:18:49','17','W'),(1074,9,'2024-02-15 10:18:49','45','W'),(1075,10,'2024-02-15 10:18:49','45','W'),(1076,9,'2024-02-15 10:19:01','17','W'),(1077,10,'2024-02-15 10:19:01','17','W'),(1078,9,'2024-02-15 10:19:01','45','W'),(1079,10,'2024-02-15 10:19:01','45','W'),(1080,9,'2024-02-15 10:19:12','17','W'),(1081,10,'2024-02-15 10:19:12','17','W'),(1082,9,'2024-02-15 10:19:12','45','W'),(1083,10,'2024-02-15 10:19:12','45','W'),(1084,9,'2024-02-15 10:19:23','17','W'),(1085,10,'2024-02-15 10:19:23','17','W'),(1086,9,'2024-02-15 10:19:23','45','W'),(1087,10,'2024-02-15 10:19:23','45','W'),(1088,9,'2024-02-15 10:19:34','17','W'),(1089,10,'2024-02-15 10:19:34','17','W'),(1090,9,'2024-02-15 10:19:34','45','W'),(1091,10,'2024-02-15 10:19:34','45','W'),(1092,9,'2024-02-15 10:19:45','17','W'),(1093,10,'2024-02-15 10:19:45','17','W'),(1094,9,'2024-02-15 10:19:45','45','W'),(1095,10,'2024-02-15 10:19:45','45','W'),(1096,9,'2024-02-15 10:19:56','17','W'),(1097,10,'2024-02-15 10:19:56','17','W'),(1098,9,'2024-02-15 10:19:56','45','W'),(1099,10,'2024-02-15 10:19:56','45','W'),(1100,9,'2024-02-15 10:20:07','17','W'),(1101,10,'2024-02-15 10:20:07','17','W'),(1102,9,'2024-02-15 10:20:07','45','W'),(1103,10,'2024-02-15 10:20:07','45','W'),(1104,9,'2024-02-15 10:20:18','17','W'),(1105,10,'2024-02-15 10:20:18','17','W'),(1106,9,'2024-02-15 10:20:18','45','W'),(1107,10,'2024-02-15 10:20:18','45','W'),(1108,9,'2024-02-15 10:20:29','17','W'),(1109,10,'2024-02-15 10:20:29','17','W'),(1110,9,'2024-02-15 10:20:29','45','W'),(1111,10,'2024-02-15 10:20:29','45','W'),(1112,9,'2024-02-15 10:20:40','17','W'),(1113,10,'2024-02-15 10:20:40','17','W'),(1114,9,'2024-02-15 10:20:40','45','W'),(1115,10,'2024-02-15 10:20:40','45','W'),(1116,9,'2024-02-15 10:20:52','17','W'),(1117,10,'2024-02-15 10:20:52','17','W'),(1118,9,'2024-02-15 10:20:52','45','W'),(1119,10,'2024-02-15 10:20:52','45','W'),(1120,9,'2024-02-15 10:21:03','17','W'),(1121,10,'2024-02-15 10:21:03','17','W'),(1122,9,'2024-02-15 10:21:03','45','W'),(1123,10,'2024-02-15 10:21:03','45','W'),(1124,9,'2024-02-15 10:21:14','17','W'),(1125,10,'2024-02-15 10:21:14','17','W'),(1126,9,'2024-02-15 10:21:14','45','W'),(1127,10,'2024-02-15 10:21:14','45','W'),(1128,9,'2024-02-15 10:21:25','17','W'),(1129,10,'2024-02-15 10:21:25','17','W'),(1130,9,'2024-02-15 10:21:25','45','W'),(1131,10,'2024-02-15 10:21:25','45','W'),(1132,9,'2024-02-15 10:21:36','17','W'),(1133,10,'2024-02-15 10:21:36','17','W'),(1134,9,'2024-02-15 10:21:36','45','W'),(1135,10,'2024-02-15 10:21:36','45','W'),(1136,9,'2024-02-15 10:21:47','17','W'),(1137,10,'2024-02-15 10:21:47','17','W'),(1138,9,'2024-02-15 10:21:47','45','W'),(1139,10,'2024-02-15 10:21:47','45','W'),(1140,9,'2024-02-15 10:21:58','17','W'),(1141,10,'2024-02-15 10:21:58','17','W'),(1142,9,'2024-02-15 10:21:58','45','W'),(1143,10,'2024-02-15 10:21:58','45','W'),(1144,9,'2024-02-15 10:22:09','17','W'),(1145,10,'2024-02-15 10:22:09','17','W'),(1146,9,'2024-02-15 10:22:09','45','W'),(1147,10,'2024-02-15 10:22:09','45','W'),(1148,9,'2024-02-15 10:22:26','17','W'),(1149,10,'2024-02-15 10:22:26','17','W'),(1150,9,'2024-02-15 10:22:26','45','W'),(1151,10,'2024-02-15 10:22:26','45','W'),(1152,9,'2024-02-15 10:22:37','17','W'),(1153,10,'2024-02-15 10:22:37','17','W'),(1154,9,'2024-02-15 10:22:37','45','W'),(1155,10,'2024-02-15 10:22:37','45','W'),(1156,9,'2024-02-15 10:22:48','17','W'),(1157,10,'2024-02-15 10:22:48','17','W'),(1158,9,'2024-02-15 10:22:48','45','W'),(1159,10,'2024-02-15 10:22:48','45','W'),(1160,9,'2024-02-15 10:22:59','17','W'),(1161,10,'2024-02-15 10:22:59','17','W'),(1162,9,'2024-02-15 10:22:59','45','W'),(1163,10,'2024-02-15 10:22:59','45','W'),(1164,9,'2024-02-15 10:23:10','17','W'),(1165,10,'2024-02-15 10:23:10','17','W'),(1166,9,'2024-02-15 10:23:11','45','W'),(1167,10,'2024-02-15 10:23:11','45','W'),(1168,9,'2024-02-15 10:23:44','17','W'),(1169,10,'2024-02-15 10:23:44','17','W'),(1170,9,'2024-02-15 10:23:44','45','W'),(1171,10,'2024-02-15 10:23:44','45','W'),(1172,9,'2024-02-15 10:25:50','17','W'),(1173,10,'2024-02-15 10:25:50','17','W'),(1174,9,'2024-02-15 10:25:50','45','W'),(1175,10,'2024-02-15 10:25:50','45','W'),(1176,9,'2024-02-15 10:27:56','17','W'),(1177,10,'2024-02-15 10:27:56','17','W'),(1178,9,'2024-02-15 10:27:56','45','W'),(1179,10,'2024-02-15 10:27:56','45','W'),(1180,4,'2024-02-15 10:30:12','0','W'),(1181,4,'2024-02-15 10:30:12','237','V'),(1182,4,'2024-02-15 10:30:12','0','A'),(1183,4,'2024-02-15 10:30:12','0','W'),(1184,4,'2024-02-15 10:30:12','237','V'),(1185,4,'2024-02-15 10:30:12','0','A'),(1186,5,'2024-02-15 10:30:13','0','W'),(1187,5,'2024-02-15 10:30:13','237','V'),(1188,5,'2024-02-15 10:30:13','0','A'),(1189,5,'2024-02-15 10:30:13','0','W'),(1190,5,'2024-02-15 10:30:13','237','V'),(1191,5,'2024-02-15 10:30:13','0','A'),(1192,3,'2024-02-15 10:30:22','0','W'),(1193,3,'2024-02-15 10:30:22','235','V'),(1194,3,'2024-02-15 10:30:22','0','A'),(1195,3,'2024-02-15 10:30:23','0','W'),(1196,3,'2024-02-15 10:30:23','235','V'),(1197,3,'2024-02-15 10:30:23','0','A');
/*!40000 ALTER TABLE `mesures` ENABLE KEYS */;
UNLOCK TABLES;

--
-- Table structure for table `objets`
--

DROP TABLE IF EXISTS `objets`;
/*!40101 SET @saved_cs_client     = @@character_set_client */;
/*!50503 SET character_set_client = utf8mb4 */;
CREATE TABLE `objets` (
  `ID` int(11) NOT NULL AUTO_INCREMENT,
  `ID_MAISON` int(11) DEFAULT NULL,
  `NOM` varchar(50) DEFAULT NULL,
  `ETAT` varchar(50) DEFAULT NULL,
  `TYPE` varchar(50) DEFAULT NULL,
  `IP` varchar(50) DEFAULT NULL,
  PRIMARY KEY (`ID`),
  KEY `ID_MAISON` (`ID_MAISON`),
  CONSTRAINT `FK_objets_maison` FOREIGN KEY (`ID_MAISON`) REFERENCES `maison` (`ID`) ON DELETE NO ACTION ON UPDATE NO ACTION
) ENGINE=InnoDB AUTO_INCREMENT=11 DEFAULT CHARSET=utf8mb4 COLLATE=utf8mb4_general_ci;
/*!40101 SET character_set_client = @saved_cs_client */;

--
-- Dumping data for table `objets`
--

LOCK TABLES `objets` WRITE;
/*!40000 ALTER TABLE `objets` DISABLE KEYS */;
INSERT INTO `objets` VALUES (1,1,'Prise2','false','CONSO','192.168.1.154'),(2,2,'Ventilo','false','CONSO','192.168.1.164'),(3,1,'Prise1','true','CONSO','Prise1'),(4,1,'Prise_shelly0','true','CONSO','192.168.1.128,0'),(5,1,'Prise_shelly1','true','CONSO','192.168.1.128,1'),(6,1,'Onduleur','true','PROD','192.168.1.157'),(7,1,'esp1','true','CONSO','192.168.1.111'),(8,1,'eMylo1','true','CONSO','eMylo1'),(9,2,'eui-70b3d57ed0064d81-conso','true','CONSO','eui-70b3d57ed0064d81'),(10,2,'eui-70b3d57ed0064d81-prod','true','PROD','eui-70b3d57ed0064d81');
/*!40000 ALTER TABLE `objets` ENABLE KEYS */;
UNLOCK TABLES;

--
-- Dumping routines for database 'ecomddb'
--
/*!50003 DROP PROCEDURE IF EXISTS `ADD_mesure` */;
/*!50003 SET @saved_cs_client      = @@character_set_client */ ;
/*!50003 SET @saved_cs_results     = @@character_set_results */ ;
/*!50003 SET @saved_col_connection = @@collation_connection */ ;
/*!50003 SET character_set_client  = utf8mb4 */ ;
/*!50003 SET character_set_results = utf8mb4 */ ;
/*!50003 SET collation_connection  = utf8mb4_general_ci */ ;
/*!50003 SET @saved_sql_mode       = @@sql_mode */ ;
/*!50003 SET sql_mode              = 'STRICT_TRANS_TABLES,ERROR_FOR_DIVISION_BY_ZERO,NO_AUTO_CREATE_USER,NO_ENGINE_SUBSTITUTION' */ ;
DELIMITER ;;
CREATE DEFINER=`root`@`yohannpca` PROCEDURE `ADD_mesure`(
	IN `_valeur` INT,
	IN `_ip` VARCHAR(50),
	IN `_unite` VARCHAR(50)
)
BEGIN
	FOR voie1 IN (SELECT ID FROM objets WHERE IP = _ip )
	DO
	
		SET @DATE = NOW();
		INSERT INTO mesures (ID_OBJETS, HORODATAGE , VALEUR,UNITE ) VALUES ( voie1.ID,@DATE, _valeur,_unite);
		
	END FOR;
END ;;
DELIMITER ;
/*!50003 SET sql_mode              = @saved_sql_mode */ ;
/*!50003 SET character_set_client  = @saved_cs_client */ ;
/*!50003 SET character_set_results = @saved_cs_results */ ;
/*!50003 SET collation_connection  = @saved_col_connection */ ;
/*!50003 DROP PROCEDURE IF EXISTS `ADD_objet` */;
/*!50003 SET @saved_cs_client      = @@character_set_client */ ;
/*!50003 SET @saved_cs_results     = @@character_set_results */ ;
/*!50003 SET @saved_col_connection = @@collation_connection */ ;
/*!50003 SET character_set_client  = utf8mb4 */ ;
/*!50003 SET character_set_results = utf8mb4 */ ;
/*!50003 SET collation_connection  = utf8mb4_general_ci */ ;
/*!50003 SET @saved_sql_mode       = @@sql_mode */ ;
/*!50003 SET sql_mode              = 'STRICT_TRANS_TABLES,ERROR_FOR_DIVISION_BY_ZERO,NO_AUTO_CREATE_USER,NO_ENGINE_SUBSTITUTION' */ ;
DELIMITER ;;
CREATE DEFINER=`root`@`%` PROCEDURE `ADD_objet`(
	IN `_idMaison` INT,
	IN `_nom` VARCHAR(50),
	IN `_etat` VARCHAR(50),
	IN `_type` VARCHAR(50),
	IN `_ip` VARCHAR(50)
)
BEGIN
	INSERT INTO objets (ID_MAISON, NOM , ETAT,TYPE, IP ) VALUES ( _idMaison, _nom, _etat, _type, _ip);
END ;;
DELIMITER ;
/*!50003 SET sql_mode              = @saved_sql_mode */ ;
/*!50003 SET character_set_client  = @saved_cs_client */ ;
/*!50003 SET character_set_results = @saved_cs_results */ ;
/*!50003 SET collation_connection  = @saved_col_connection */ ;
/*!50003 DROP PROCEDURE IF EXISTS `DEV_UPDATE_priority` */;
/*!50003 SET @saved_cs_client      = @@character_set_client */ ;
/*!50003 SET @saved_cs_results     = @@character_set_results */ ;
/*!50003 SET @saved_col_connection = @@collation_connection */ ;
/*!50003 SET character_set_client  = utf8mb4 */ ;
/*!50003 SET character_set_results = utf8mb4 */ ;
/*!50003 SET collation_connection  = utf8mb4_general_ci */ ;
/*!50003 SET @saved_sql_mode       = @@sql_mode */ ;
/*!50003 SET sql_mode              = 'STRICT_TRANS_TABLES,ERROR_FOR_DIVISION_BY_ZERO,NO_AUTO_CREATE_USER,NO_ENGINE_SUBSTITUTION' */ ;
DELIMITER ;;
CREATE DEFINER=`root`@`yohannpca` PROCEDURE `DEV_UPDATE_priority`()
BEGIN
	DECLARE temporaryValue INTEGER;
	DECLARE SUM_conso INTEGER;
	DECLARE SUM_prod INTEGER;
	
	SET @PREVIOUS = DATE_FORMAT(DATE_SUB(NOW(), INTERVAL 1 HOUR), '%Y-%m-%d %H:00:00');
	SET @NOW = DATE_FORMAT(NOW(),'%Y-%m-%d %H:00:00');
	
	FOR voie1 IN (SELECT ID FROM maison )
	DO
		DROP TEMPORARY TABLE IF EXISTS objectsValues;
		CREATE TEMPORARY TABLE objectsValues (valeurConso INT, valeurProd INT);
		SET @temporaryValue = 0;
		SET @SUM_conso = 0;
		SET @SUM_prod = 0;

		FOR voie2 IN (SELECT ID FROM objets WHERE ID_MAISON = voie1.ID AND TYPE = "CONSO" )
		DO
			#SELECT voie2.ID;
	    	SELECT SUM(VALEUR) INTO temporaryValue
			FROM mesures
			WHERE (HORODATAGE BETWEEN @PREVIOUS AND @NOW) AND ID_OBJETS = voie2.ID;
	   	INSERT INTO objectsValues (valeurConso) VALUE (temporaryValue);
	   	
		END FOR;
		FOR voie3 IN (SELECT ID FROM objets WHERE ID_MAISON = voie1.ID AND TYPE = "PROD" )
		DO
		
			#SELECT voie3.ID;
	    	SELECT SUM(VALEUR) INTO temporaryValue
			FROM mesures
			WHERE (HORODATAGE BETWEEN @PREVIOUS AND @NOW) AND ID_OBJETS = voie3.ID;
	   	INSERT INTO objectsValues (valeurProd) VALUE (temporaryValue);
		
		END FOR;
		SELECT SUM(valeurConso) INTO SUM_conso
		FROM objectsValues;
		SELECT SUM(valeurProd) INTO SUM_prod
		FROM objectsValues;
		INSERT INTO conso_maison ( ID_MAISON, HORODATAGE, CONSO, PROD) VALUES (voie1.ID , @NOW, SUM_conso, SUM_prod);
		SELECT * from conso_maison;
	END FOR;
	
END ;;
DELIMITER ;
/*!50003 SET sql_mode              = @saved_sql_mode */ ;
/*!50003 SET character_set_client  = @saved_cs_client */ ;
/*!50003 SET character_set_results = @saved_cs_results */ ;
/*!50003 SET collation_connection  = @saved_col_connection */ ;
/*!50003 DROP PROCEDURE IF EXISTS `GET_conso_maison` */;
/*!50003 SET @saved_cs_client      = @@character_set_client */ ;
/*!50003 SET @saved_cs_results     = @@character_set_results */ ;
/*!50003 SET @saved_col_connection = @@collation_connection */ ;
/*!50003 SET character_set_client  = utf8mb4 */ ;
/*!50003 SET character_set_results = utf8mb4 */ ;
/*!50003 SET collation_connection  = utf8mb4_general_ci */ ;
/*!50003 SET @saved_sql_mode       = @@sql_mode */ ;
/*!50003 SET sql_mode              = 'STRICT_TRANS_TABLES,ERROR_FOR_DIVISION_BY_ZERO,NO_AUTO_CREATE_USER,NO_ENGINE_SUBSTITUTION' */ ;
DELIMITER ;;
CREATE DEFINER=`root`@`yohannpca` PROCEDURE `GET_conso_maison`(
	IN `_idMaison` VARCHAR(50)
)
BEGIN
	SET @PREVIOUS = DATE_FORMAT(DATE_SUB(NOW(), INTERVAL 1 DAY), '%Y-%m-%d');
	SET @NOW = DATE_FORMAT(NOW(),'%Y-%m-%d');

	#SELECT CONSO,PROD, DATE_FORMAT(HORODATAGE,'%H')  AS HEURE , (PROD-CONSO) AS DIFFERENCE FROM conso_maison WHERE (HORODATAGE BETWEEN @PREVIOUS AND @NOW);
	#SELECT CONSO,PROD, DATE_FORMAT(HORODATAGE,'%H')  AS HEURE , (PROD-CONSO) AS DIFFERENCE FROM conso_maison WHERE ID_MAISON = _idMaison;
	SELECT CONSO,PROD, DATE_FORMAT(HORODATAGE,'%H')  AS HEURE , (PROD-CONSO) AS DIFFERENCE FROM conso_maison WHERE (HORODATAGE BETWEEN @PREVIOUS AND @NOW) AND ID_MAISON = _idMaison;
	
END ;;
DELIMITER ;
/*!50003 SET sql_mode              = @saved_sql_mode */ ;
/*!50003 SET character_set_client  = @saved_cs_client */ ;
/*!50003 SET character_set_results = @saved_cs_results */ ;
/*!50003 SET collation_connection  = @saved_col_connection */ ;
/*!50003 DROP PROCEDURE IF EXISTS `GET_euid` */;
/*!50003 SET @saved_cs_client      = @@character_set_client */ ;
/*!50003 SET @saved_cs_results     = @@character_set_results */ ;
/*!50003 SET @saved_col_connection = @@collation_connection */ ;
/*!50003 SET character_set_client  = utf8mb4 */ ;
/*!50003 SET character_set_results = utf8mb4 */ ;
/*!50003 SET collation_connection  = utf8mb4_general_ci */ ;
/*!50003 SET @saved_sql_mode       = @@sql_mode */ ;
/*!50003 SET sql_mode              = 'STRICT_TRANS_TABLES,ERROR_FOR_DIVISION_BY_ZERO,NO_AUTO_CREATE_USER,NO_ENGINE_SUBSTITUTION' */ ;
DELIMITER ;;
CREATE DEFINER=`root`@`%` PROCEDURE `GET_euid`(
	IN `_euid` VARCHAR(50)
)
BEGIN
IF EXISTS (SELECT NOM FROM objets WHERE NOM = _euid) THEN
    SELECT 'TRUE';
ELSE
    SELECT 'FALSE';
END IF;

END ;;
DELIMITER ;
/*!50003 SET sql_mode              = @saved_sql_mode */ ;
/*!50003 SET character_set_client  = @saved_cs_client */ ;
/*!50003 SET character_set_results = @saved_cs_results */ ;
/*!50003 SET collation_connection  = @saved_col_connection */ ;
/*!50003 DROP PROCEDURE IF EXISTS `GET_maison` */;
/*!50003 SET @saved_cs_client      = @@character_set_client */ ;
/*!50003 SET @saved_cs_results     = @@character_set_results */ ;
/*!50003 SET @saved_col_connection = @@collation_connection */ ;
/*!50003 SET character_set_client  = utf8mb4 */ ;
/*!50003 SET character_set_results = utf8mb4 */ ;
/*!50003 SET collation_connection  = utf8mb4_general_ci */ ;
/*!50003 SET @saved_sql_mode       = @@sql_mode */ ;
/*!50003 SET sql_mode              = 'STRICT_TRANS_TABLES,ERROR_FOR_DIVISION_BY_ZERO,NO_AUTO_CREATE_USER,NO_ENGINE_SUBSTITUTION' */ ;
DELIMITER ;;
CREATE DEFINER=`root`@`yohannpca` PROCEDURE `GET_maison`()
BEGIN
	SELECT * FROM maison;
END ;;
DELIMITER ;
/*!50003 SET sql_mode              = @saved_sql_mode */ ;
/*!50003 SET character_set_client  = @saved_cs_client */ ;
/*!50003 SET character_set_results = @saved_cs_results */ ;
/*!50003 SET collation_connection  = @saved_col_connection */ ;
/*!50003 DROP PROCEDURE IF EXISTS `GET_mesures` */;
/*!50003 SET @saved_cs_client      = @@character_set_client */ ;
/*!50003 SET @saved_cs_results     = @@character_set_results */ ;
/*!50003 SET @saved_col_connection = @@collation_connection */ ;
/*!50003 SET character_set_client  = utf8mb4 */ ;
/*!50003 SET character_set_results = utf8mb4 */ ;
/*!50003 SET collation_connection  = utf8mb4_general_ci */ ;
/*!50003 SET @saved_sql_mode       = @@sql_mode */ ;
/*!50003 SET sql_mode              = 'STRICT_TRANS_TABLES,ERROR_FOR_DIVISION_BY_ZERO,NO_AUTO_CREATE_USER,NO_ENGINE_SUBSTITUTION' */ ;
DELIMITER ;;
CREATE DEFINER=`root`@`yohannpca` PROCEDURE `GET_mesures`(
	IN `_idMaison` INT
)
BEGIN
	DROP TEMPORARY TABLE IF EXISTS table_;
   CREATE TEMPORARY TABLE table_ ( ID_OBJETS INT, VALEUR CHAR(240), UNITE CHAR(240), HORODATAGE TIMESTAMP);
   
	
    FOR voie1 IN (SELECT ID FROM objets WHERE ID_MAISON = _idMaison) 
	 DO
        FOR voie2 IN (SELECT * FROM mesures WHERE ID_OBJETS = voie1.ID) 
	 		DO
        	INSERT INTO table_ (ID_OBJETS, VALEUR, UNITE, HORODATAGE ) VALUES ( voie1.ID, voie2.VALEUR, voie2.UNITE, voie2.HORODATAGE);
        	END FOR;
    END FOR;
	SELECT * FROM table_;
END ;;
DELIMITER ;
/*!50003 SET sql_mode              = @saved_sql_mode */ ;
/*!50003 SET character_set_client  = @saved_cs_client */ ;
/*!50003 SET character_set_results = @saved_cs_results */ ;
/*!50003 SET collation_connection  = @saved_col_connection */ ;
/*!50003 DROP PROCEDURE IF EXISTS `GET_objets` */;
/*!50003 SET @saved_cs_client      = @@character_set_client */ ;
/*!50003 SET @saved_cs_results     = @@character_set_results */ ;
/*!50003 SET @saved_col_connection = @@collation_connection */ ;
/*!50003 SET character_set_client  = utf8mb4 */ ;
/*!50003 SET character_set_results = utf8mb4 */ ;
/*!50003 SET collation_connection  = utf8mb4_general_ci */ ;
/*!50003 SET @saved_sql_mode       = @@sql_mode */ ;
/*!50003 SET sql_mode              = 'STRICT_TRANS_TABLES,ERROR_FOR_DIVISION_BY_ZERO,NO_AUTO_CREATE_USER,NO_ENGINE_SUBSTITUTION' */ ;
DELIMITER ;;
CREATE DEFINER=`root`@`yohannpca` PROCEDURE `GET_objets`(
	IN `_idMaison` INT
)
BEGIN
	
	SELECT NOM, ETAT, IP FROM objets WHERE ID_MAISON = _idMaison  AND TYPE = "CONSO";
	
END ;;
DELIMITER ;
/*!50003 SET sql_mode              = @saved_sql_mode */ ;
/*!50003 SET character_set_client  = @saved_cs_client */ ;
/*!50003 SET character_set_results = @saved_cs_results */ ;
/*!50003 SET collation_connection  = @saved_col_connection */ ;
/*!50003 DROP PROCEDURE IF EXISTS `GET_objet_mesures` */;
/*!50003 SET @saved_cs_client      = @@character_set_client */ ;
/*!50003 SET @saved_cs_results     = @@character_set_results */ ;
/*!50003 SET @saved_col_connection = @@collation_connection */ ;
/*!50003 SET character_set_client  = utf8mb4 */ ;
/*!50003 SET character_set_results = utf8mb4 */ ;
/*!50003 SET collation_connection  = utf8mb4_general_ci */ ;
/*!50003 SET @saved_sql_mode       = @@sql_mode */ ;
/*!50003 SET sql_mode              = 'STRICT_TRANS_TABLES,ERROR_FOR_DIVISION_BY_ZERO,NO_AUTO_CREATE_USER,NO_ENGINE_SUBSTITUTION' */ ;
DELIMITER ;;
CREATE DEFINER=`root`@`yohannpca` PROCEDURE `GET_objet_mesures`(
	IN `_nom` VARCHAR(50)
)
BEGIN
	SET @PREVIOUS = DATE_FORMAT(DATE_SUB(NOW(), INTERVAL 1 DAY), '%Y-%m-%d 23:59:59');
	SET @NOW = DATE_FORMAT(NOW(),'%Y-%m-%d 23:59:59'); 

	
	FOR voie1 IN (SELECT ID FROM objets WHERE NOM = _nom) 
	DO
	
		SELECT * FROM mesures WHERE ID_OBJETS = voie1.ID AND 	(HORODATAGE BETWEEN @PREVIOUS AND @NOW);
		
	END FOR;
END ;;
DELIMITER ;
/*!50003 SET sql_mode              = @saved_sql_mode */ ;
/*!50003 SET character_set_client  = @saved_cs_client */ ;
/*!50003 SET character_set_results = @saved_cs_results */ ;
/*!50003 SET collation_connection  = @saved_col_connection */ ;
/*!50003 DROP PROCEDURE IF EXISTS `SET_ipObjet` */;
/*!50003 SET @saved_cs_client      = @@character_set_client */ ;
/*!50003 SET @saved_cs_results     = @@character_set_results */ ;
/*!50003 SET @saved_col_connection = @@collation_connection */ ;
/*!50003 SET character_set_client  = utf8mb4 */ ;
/*!50003 SET character_set_results = utf8mb4 */ ;
/*!50003 SET collation_connection  = utf8mb4_general_ci */ ;
/*!50003 SET @saved_sql_mode       = @@sql_mode */ ;
/*!50003 SET sql_mode              = 'STRICT_TRANS_TABLES,ERROR_FOR_DIVISION_BY_ZERO,NO_AUTO_CREATE_USER,NO_ENGINE_SUBSTITUTION' */ ;
DELIMITER ;;
CREATE DEFINER=`root`@`yohannpca` PROCEDURE `SET_ipObjet`(
	IN `_id` INT,
	IN `_ip` VARCHAR(50)
)
BEGIN
	UPDATE objets
	SET IP = _ip
	WHERE ID = _id;
END ;;
DELIMITER ;
/*!50003 SET sql_mode              = @saved_sql_mode */ ;
/*!50003 SET character_set_client  = @saved_cs_client */ ;
/*!50003 SET character_set_results = @saved_cs_results */ ;
/*!50003 SET collation_connection  = @saved_col_connection */ ;
/*!50003 DROP PROCEDURE IF EXISTS `SET_priseState` */;
/*!50003 SET @saved_cs_client      = @@character_set_client */ ;
/*!50003 SET @saved_cs_results     = @@character_set_results */ ;
/*!50003 SET @saved_col_connection = @@collation_connection */ ;
/*!50003 SET character_set_client  = utf8mb4 */ ;
/*!50003 SET character_set_results = utf8mb4 */ ;
/*!50003 SET collation_connection  = utf8mb4_general_ci */ ;
/*!50003 SET @saved_sql_mode       = @@sql_mode */ ;
/*!50003 SET sql_mode              = 'STRICT_TRANS_TABLES,ERROR_FOR_DIVISION_BY_ZERO,NO_AUTO_CREATE_USER,NO_ENGINE_SUBSTITUTION' */ ;
DELIMITER ;;
CREATE DEFINER=`root`@`yohannpca` PROCEDURE `SET_priseState`(
	IN `_state` VARCHAR(50),
	IN `_idMaison` INT,
	IN `_ip` VARCHAR(50)
)
BEGIN
	UPDATE objets
	SET ETAT = _state
	WHERE IP = _ip AND ID_MAISON = _idMaison;
END ;;
DELIMITER ;
/*!50003 SET sql_mode              = @saved_sql_mode */ ;
/*!50003 SET character_set_client  = @saved_cs_client */ ;
/*!50003 SET character_set_results = @saved_cs_results */ ;
/*!50003 SET collation_connection  = @saved_col_connection */ ;
/*!40103 SET TIME_ZONE=@OLD_TIME_ZONE */;

/*!40101 SET SQL_MODE=@OLD_SQL_MODE */;
/*!40014 SET FOREIGN_KEY_CHECKS=@OLD_FOREIGN_KEY_CHECKS */;
/*!40014 SET UNIQUE_CHECKS=@OLD_UNIQUE_CHECKS */;
/*!40101 SET CHARACTER_SET_CLIENT=@OLD_CHARACTER_SET_CLIENT */;
/*!40101 SET CHARACTER_SET_RESULTS=@OLD_CHARACTER_SET_RESULTS */;
/*!40101 SET COLLATION_CONNECTION=@OLD_COLLATION_CONNECTION */;
/*!40111 SET SQL_NOTES=@OLD_SQL_NOTES */;

-- Dump completed on 2024-02-15 10:53:54
