-- MySQL dump 10.13  Distrib 8.0.36, for Linux (x86_64)
--
-- Host: localhost    Database: ecomddb
-- ------------------------------------------------------
-- Server version	11.2.2-MariaDB-1:11.2.2+maria~ubu2204

/*!40101 SET @OLD_CHARACTER_SET_CLIENT=@@CHARACTER_SET_CLIENT */;
/*!40101 SET @OLD_CHARACTER_SET_RESULTS=@@CHARACTER_SET_RESULTS */;
/*!40101 SET @OLD_COLLATION_CONNECTION=@@COLLATION_CONNECTION */;
/*!50503 SET NAMES utf8mb4 */;
/*!40103 SET @OLD_TIME_ZONE=@@TIME_ZONE */;
/*!40103 SET TIME_ZONE='+00:00' */;
/*!40014 SET @OLD_UNIQUE_CHECKS=@@UNIQUE_CHECKS, UNIQUE_CHECKS=0 */;
/*!40014 SET @OLD_FOREIGN_KEY_CHECKS=@@FOREIGN_KEY_CHECKS, FOREIGN_KEY_CHECKS=0 */;
/*!40101 SET @OLD_SQL_MODE=@@SQL_MODE, SQL_MODE='NO_AUTO_VALUE_ON_ZERO' */;
/*!40111 SET @OLD_SQL_NOTES=@@SQL_NOTES, SQL_NOTES=0 */;

--
-- Current Database: `ecomddb`
--

CREATE DATABASE /*!32312 IF NOT EXISTS*/ `ecomddb` /*!40100 DEFAULT CHARACTER SET utf8mb4 COLLATE utf8mb4_general_ci */;

USE `ecomddb`;

--
-- Table structure for table `conso_maison`
--

DROP TABLE IF EXISTS `conso_maison`;
/*!40101 SET @saved_cs_client     = @@character_set_client */;
/*!50503 SET character_set_client = utf8mb4 */;
CREATE TABLE `conso_maison` (
  `ID` int(11) NOT NULL AUTO_INCREMENT,
  `ID_MAISON` int(11) DEFAULT NULL,
  `CONSO` int(11) DEFAULT 0,
  `PROD` int(11) DEFAULT 0,
  `HORODATAGE` timestamp NULL DEFAULT NULL,
  PRIMARY KEY (`ID`),
  KEY `ID_MAISON` (`ID_MAISON`),
  CONSTRAINT `FK_conso_maison_maison` FOREIGN KEY (`ID_MAISON`) REFERENCES `maison` (`ID`) ON DELETE NO ACTION ON UPDATE NO ACTION
) ENGINE=InnoDB AUTO_INCREMENT=867 DEFAULT CHARSET=utf8mb4 COLLATE=utf8mb4_general_ci;
/*!40101 SET character_set_client = @saved_cs_client */;

--
-- Dumping data for table `conso_maison`
--

LOCK TABLES `conso_maison` WRITE;
/*!40000 ALTER TABLE `conso_maison` DISABLE KEYS */;
INSERT INTO `conso_maison` VALUES (1,1,0,0,'2024-01-29 01:00:00'),(2,2,0,0,'2024-01-29 01:00:00'),(3,1,0,0,'2024-01-29 02:00:00'),(4,2,0,0,'2024-01-29 02:00:00'),(5,1,0,0,'2024-01-29 03:00:00'),(6,2,0,0,'2024-01-29 03:00:00'),(7,1,0,0,'2024-01-29 04:00:00'),(8,2,0,0,'2024-01-29 04:00:00'),(9,1,0,0,'2024-01-29 05:00:00'),(10,2,0,0,'2024-01-29 05:00:00'),(11,1,0,0,'2024-01-29 06:00:00'),(12,2,0,0,'2024-01-29 06:00:00'),(13,1,0,0,'2024-01-29 07:00:00'),(14,2,0,0,'2024-01-29 07:00:00'),(15,1,0,0,'2024-01-29 08:00:00'),(16,2,0,0,'2024-01-29 08:00:00'),(17,1,0,0,'2024-01-29 09:00:00'),(18,2,0,0,'2024-01-29 09:00:00'),(19,1,0,0,'2024-01-29 10:00:00'),(20,2,0,0,'2024-01-29 10:00:00'),(21,1,0,0,'2024-01-29 11:00:00'),(22,2,0,0,'2024-01-29 11:00:00'),(23,1,0,0,'2024-01-29 12:00:00'),(24,2,0,0,'2024-01-29 12:00:00'),(25,1,0,0,'2024-01-29 13:00:00'),(26,2,0,0,'2024-01-29 13:00:00'),(27,1,0,0,'2024-01-29 14:00:00'),(28,2,0,0,'2024-01-29 14:00:00'),(29,1,0,0,'2024-01-29 15:00:00'),(30,2,0,0,'2024-01-29 15:00:00'),(31,1,0,0,'2024-01-29 16:00:00'),(32,2,0,0,'2024-01-29 16:00:00'),(33,1,0,0,'2024-01-29 17:00:00'),(34,2,0,0,'2024-01-29 17:00:00'),(35,1,0,0,'2024-01-29 18:00:00'),(36,2,0,0,'2024-01-29 18:00:00'),(37,1,0,0,'2024-01-29 19:00:00'),(38,2,0,0,'2024-01-29 19:00:00'),(39,1,0,0,'2024-01-29 20:00:00'),(40,2,0,0,'2024-01-29 20:00:00'),(41,1,0,0,'2024-01-29 21:00:00'),(42,2,0,0,'2024-01-29 21:00:00'),(43,1,0,0,'2024-01-29 22:00:00'),(44,2,0,0,'2024-01-29 22:00:00'),(45,1,0,0,'2024-01-29 23:00:00'),(46,2,0,0,'2024-01-29 23:00:00'),(47,1,0,0,'2024-01-30 00:00:00'),(48,2,0,0,'2024-01-30 00:00:00'),(49,1,0,0,'2024-01-30 01:00:00'),(50,2,0,0,'2024-01-30 01:00:00'),(51,1,0,0,'2024-01-30 02:00:00'),(52,2,0,0,'2024-01-30 02:00:00'),(53,1,0,0,'2024-01-30 03:00:00'),(54,2,0,0,'2024-01-30 03:00:00'),(55,1,0,0,'2024-01-30 04:00:00'),(56,2,0,0,'2024-01-30 04:00:00'),(57,1,0,0,'2024-01-30 05:00:00'),(58,2,0,0,'2024-01-30 05:00:00'),(59,1,0,0,'2024-01-30 06:00:00'),(60,2,0,0,'2024-01-30 06:00:00'),(61,1,0,0,'2024-01-30 07:00:00'),(62,2,0,0,'2024-01-30 07:00:00'),(63,1,0,0,'2024-01-30 08:00:00'),(64,2,0,0,'2024-01-30 08:00:00'),(65,1,0,0,'2024-01-30 09:00:00'),(66,2,0,0,'2024-01-30 09:00:00'),(67,1,0,0,'2024-01-30 10:00:00'),(68,2,0,0,'2024-01-30 10:00:00'),(69,1,0,0,'2024-01-30 11:00:00'),(70,2,0,0,'2024-01-30 11:00:00'),(71,1,0,0,'2024-01-30 12:00:00'),(72,2,0,0,'2024-01-30 12:00:00'),(73,1,0,0,'2024-01-30 13:00:00'),(74,2,0,0,'2024-01-30 13:00:00'),(75,1,0,0,'2024-01-30 14:00:00'),(76,2,0,0,'2024-01-30 14:00:00'),(77,1,0,0,'2024-01-30 15:00:00'),(78,2,0,0,'2024-01-30 15:00:00'),(79,1,0,0,'2024-01-30 16:00:00'),(80,2,0,0,'2024-01-30 16:00:00'),(81,1,0,0,'2024-01-30 17:00:00'),(82,2,0,0,'2024-01-30 17:00:00'),(83,1,0,0,'2024-01-30 18:00:00'),(84,2,0,0,'2024-01-30 18:00:00'),(85,1,0,0,'2024-01-30 19:00:00'),(86,2,0,0,'2024-01-30 19:00:00'),(87,1,0,0,'2024-01-30 20:00:00'),(88,2,0,0,'2024-01-30 20:00:00'),(89,1,0,0,'2024-01-30 21:00:00'),(90,2,0,0,'2024-01-30 21:00:00'),(91,1,0,0,'2024-01-30 22:00:00'),(92,2,0,0,'2024-01-30 22:00:00'),(93,1,0,0,'2024-01-30 23:00:00'),(94,2,0,0,'2024-01-30 23:00:00'),(95,1,0,0,'2024-01-31 00:00:00'),(96,2,0,0,'2024-01-31 00:00:00'),(97,1,0,0,'2024-01-31 01:00:00'),(98,2,0,0,'2024-01-31 01:00:00'),(99,1,0,0,'2024-01-31 02:00:00'),(100,2,0,0,'2024-01-31 02:00:00'),(101,1,0,0,'2024-01-31 03:00:00'),(102,2,0,0,'2024-01-31 03:00:00'),(103,1,0,0,'2024-01-31 04:00:00'),(104,2,0,0,'2024-01-31 04:00:00'),(105,1,0,0,'2024-01-31 05:00:00'),(106,2,0,0,'2024-01-31 05:00:00'),(107,1,0,0,'2024-01-31 06:00:00'),(108,2,0,0,'2024-01-31 06:00:00'),(109,1,0,0,'2024-01-31 07:00:00'),(110,2,0,0,'2024-01-31 07:00:00'),(111,1,0,0,'2024-01-31 08:00:00'),(112,2,0,0,'2024-01-31 08:00:00'),(113,1,0,0,'2024-01-31 09:00:00'),(114,2,0,0,'2024-01-31 09:00:00'),(115,1,0,0,'2024-01-31 10:00:00'),(116,2,0,0,'2024-01-31 10:00:00'),(117,1,0,0,'2024-01-31 11:00:00'),(118,2,0,0,'2024-01-31 11:00:00'),(119,1,0,0,'2024-01-31 12:00:00'),(120,2,0,0,'2024-01-31 12:00:00'),(121,1,0,0,'2024-01-31 13:00:00'),(122,2,0,0,'2024-01-31 13:00:00'),(123,1,0,0,'2024-01-31 14:00:00'),(124,2,0,0,'2024-01-31 14:00:00'),(125,1,0,0,'2024-01-31 15:00:00'),(126,2,0,0,'2024-01-31 15:00:00'),(127,1,0,0,'2024-01-31 16:00:00'),(128,2,0,0,'2024-01-31 16:00:00'),(129,1,0,0,'2024-01-31 17:00:00'),(130,2,0,0,'2024-01-31 17:00:00'),(131,1,0,0,'2024-01-31 18:00:00'),(132,2,0,0,'2024-01-31 18:00:00'),(133,1,0,0,'2024-01-31 19:00:00'),(134,2,0,0,'2024-01-31 19:00:00'),(135,1,0,0,'2024-01-31 20:00:00'),(136,2,0,0,'2024-01-31 20:00:00'),(137,1,0,0,'2024-01-31 21:00:00'),(138,2,0,0,'2024-01-31 21:00:00'),(139,1,0,0,'2024-01-31 22:00:00'),(140,2,0,0,'2024-01-31 22:00:00'),(141,1,0,0,'2024-01-31 23:00:00'),(142,2,0,0,'2024-01-31 23:00:00'),(143,1,0,0,'2024-02-01 00:00:00'),(144,2,0,0,'2024-02-01 00:00:00'),(145,1,0,0,'2024-02-01 01:00:00'),(146,2,0,0,'2024-02-01 01:00:00'),(147,1,0,0,'2024-02-01 02:00:00'),(148,2,0,0,'2024-02-01 02:00:00'),(149,1,0,0,'2024-02-01 03:00:00'),(150,2,0,0,'2024-02-01 03:00:00'),(151,1,0,0,'2024-02-01 04:00:00'),(152,2,0,0,'2024-02-01 04:00:00'),(153,1,0,0,'2024-02-01 05:00:00'),(154,2,0,0,'2024-02-01 05:00:00'),(155,1,0,0,'2024-02-01 06:00:00'),(156,2,0,0,'2024-02-01 06:00:00'),(157,1,0,0,'2024-02-01 07:00:00'),(158,2,0,0,'2024-02-01 07:00:00'),(159,1,0,0,'2024-02-01 08:00:00'),(160,2,0,0,'2024-02-01 08:00:00'),(161,1,0,0,'2024-02-01 09:00:00'),(162,2,0,0,'2024-02-01 09:00:00'),(163,1,0,0,'2024-02-01 10:00:00'),(164,2,0,0,'2024-02-01 10:00:00'),(165,1,0,0,'2024-02-01 11:00:00'),(166,2,0,0,'2024-02-01 11:00:00'),(167,1,0,0,'2024-02-01 12:00:00'),(168,2,0,0,'2024-02-01 12:00:00'),(169,1,0,0,'2024-02-01 13:00:00'),(170,2,0,0,'2024-02-01 13:00:00'),(171,1,0,0,'2024-02-01 14:00:00'),(172,2,0,0,'2024-02-01 14:00:00'),(173,1,0,0,'2024-02-01 15:00:00'),(174,2,0,0,'2024-02-01 15:00:00'),(175,1,0,0,'2024-02-01 16:00:00'),(176,2,0,0,'2024-02-01 16:00:00'),(177,1,0,0,'2024-02-01 17:00:00'),(178,2,0,0,'2024-02-01 17:00:00'),(179,1,0,0,'2024-02-01 18:00:00'),(180,2,0,0,'2024-02-01 18:00:00'),(181,1,0,0,'2024-02-01 19:00:00'),(182,2,0,0,'2024-02-01 19:00:00'),(183,1,0,0,'2024-02-01 20:00:00'),(184,2,0,0,'2024-02-01 20:00:00'),(185,1,0,0,'2024-02-01 21:00:00'),(186,2,0,0,'2024-02-01 21:00:00'),(187,1,0,0,'2024-02-01 22:00:00'),(188,2,0,0,'2024-02-01 22:00:00'),(189,1,0,0,'2024-02-01 23:00:00'),(190,2,0,0,'2024-02-01 23:00:00'),(191,1,0,0,'2024-02-02 00:00:00'),(192,2,0,0,'2024-02-02 00:00:00'),(193,1,0,0,'2024-02-02 01:00:00'),(194,2,0,0,'2024-02-02 01:00:00'),(195,1,0,0,'2024-02-02 02:00:00'),(196,2,0,0,'2024-02-02 02:00:00'),(197,1,0,0,'2024-02-02 03:00:00'),(198,2,0,0,'2024-02-02 03:00:00'),(199,1,0,0,'2024-02-02 04:00:00'),(200,2,0,0,'2024-02-02 04:00:00'),(201,1,0,0,'2024-02-02 05:00:00'),(202,2,0,0,'2024-02-02 05:00:00'),(203,1,0,0,'2024-02-02 06:00:00'),(204,2,0,0,'2024-02-02 06:00:00'),(205,1,0,0,'2024-02-02 07:00:00'),(206,2,0,0,'2024-02-02 07:00:00'),(207,1,0,0,'2024-02-02 08:00:00'),(208,2,0,0,'2024-02-02 08:00:00'),(209,1,0,0,'2024-02-02 09:00:00'),(210,2,0,0,'2024-02-02 09:00:00'),(211,1,0,0,'2024-02-02 10:00:00'),(212,2,0,0,'2024-02-02 10:00:00'),(213,1,0,0,'2024-02-02 11:00:00'),(214,2,0,0,'2024-02-02 11:00:00'),(215,1,0,0,'2024-02-02 12:00:00'),(216,2,0,0,'2024-02-02 12:00:00'),(217,1,0,0,'2024-02-02 13:00:00'),(218,2,0,0,'2024-02-02 13:00:00'),(219,1,0,0,'2024-02-02 14:00:00'),(220,2,0,0,'2024-02-02 14:00:00'),(221,1,0,0,'2024-02-02 15:00:00'),(222,2,0,0,'2024-02-02 15:00:00'),(223,1,0,0,'2024-02-02 16:00:00'),(224,2,0,0,'2024-02-02 16:00:00'),(225,1,0,0,'2024-02-02 17:00:00'),(226,2,0,0,'2024-02-02 17:00:00'),(227,1,0,0,'2024-02-02 18:00:00'),(228,2,0,0,'2024-02-02 18:00:00'),(229,1,0,0,'2024-02-02 19:00:00'),(230,2,0,0,'2024-02-02 19:00:00'),(231,1,0,0,'2024-02-02 20:00:00'),(232,2,0,0,'2024-02-02 20:00:00'),(233,1,0,0,'2024-02-02 21:00:00'),(234,2,0,0,'2024-02-02 21:00:00'),(235,1,0,0,'2024-02-02 22:00:00'),(236,2,0,0,'2024-02-02 22:00:00'),(237,1,0,0,'2024-02-02 23:00:00'),(238,2,0,0,'2024-02-02 23:00:00'),(239,1,0,0,'2024-02-03 00:00:00'),(240,2,0,0,'2024-02-03 00:00:00'),(241,1,0,0,'2024-02-03 01:00:00'),(242,2,0,0,'2024-02-03 01:00:00'),(243,1,0,0,'2024-02-03 02:00:00'),(244,2,0,0,'2024-02-03 02:00:00'),(245,1,0,0,'2024-02-03 03:00:00'),(246,2,0,0,'2024-02-03 03:00:00'),(247,1,0,0,'2024-02-03 04:00:00'),(248,2,0,0,'2024-02-03 04:00:00'),(249,1,0,0,'2024-02-03 05:00:00'),(250,2,0,0,'2024-02-03 05:00:00'),(251,1,0,0,'2024-02-03 06:00:00'),(252,2,0,0,'2024-02-03 06:00:00'),(253,1,0,0,'2024-02-03 07:00:00'),(254,2,0,0,'2024-02-03 07:00:00'),(255,1,0,0,'2024-02-03 08:00:00'),(256,2,0,0,'2024-02-03 08:00:00'),(257,1,0,0,'2024-02-03 09:00:00'),(258,2,0,0,'2024-02-03 09:00:00'),(259,1,0,0,'2024-02-03 10:00:00'),(260,2,0,0,'2024-02-03 10:00:00'),(261,1,0,0,'2024-02-03 11:00:00'),(262,2,0,0,'2024-02-03 11:00:00'),(263,1,0,0,'2024-02-03 12:00:00'),(264,2,0,0,'2024-02-03 12:00:00'),(265,1,0,0,'2024-02-03 13:00:00'),(266,2,0,0,'2024-02-03 13:00:00'),(267,1,0,0,'2024-02-03 14:00:00'),(268,2,0,0,'2024-02-03 14:00:00'),(269,1,0,0,'2024-02-03 15:00:00'),(270,2,0,0,'2024-02-03 15:00:00'),(271,1,0,0,'2024-02-03 16:00:00'),(272,2,0,0,'2024-02-03 16:00:00'),(273,1,0,0,'2024-02-03 17:00:00'),(274,2,0,0,'2024-02-03 17:00:00'),(275,1,0,0,'2024-02-03 18:00:00'),(276,2,0,0,'2024-02-03 18:00:00'),(277,1,0,0,'2024-02-03 19:00:00'),(278,2,0,0,'2024-02-03 19:00:00'),(279,1,0,0,'2024-02-03 20:00:00'),(280,2,0,0,'2024-02-03 20:00:00'),(281,1,0,0,'2024-02-03 21:00:00'),(282,2,0,0,'2024-02-03 21:00:00'),(283,1,0,0,'2024-02-03 22:00:00'),(284,2,0,0,'2024-02-03 22:00:00'),(285,1,0,0,'2024-02-03 23:00:00'),(286,2,0,0,'2024-02-03 23:00:00'),(287,1,0,0,'2024-02-04 00:00:00'),(288,2,0,0,'2024-02-04 00:00:00'),(289,1,0,0,'2024-02-04 01:00:00'),(290,2,0,0,'2024-02-04 01:00:00'),(291,1,0,0,'2024-02-04 02:00:00'),(292,2,0,0,'2024-02-04 02:00:00'),(293,1,0,0,'2024-02-04 03:00:00'),(294,2,0,0,'2024-02-04 03:00:00'),(295,1,0,0,'2024-02-04 04:00:00'),(296,2,0,0,'2024-02-04 04:00:00'),(297,1,0,0,'2024-02-04 05:00:00'),(298,2,0,0,'2024-02-04 05:00:00'),(299,1,0,0,'2024-02-04 06:00:00'),(300,2,0,0,'2024-02-04 06:00:00'),(301,1,0,0,'2024-02-04 07:00:00'),(302,2,0,0,'2024-02-04 07:00:00'),(303,1,0,0,'2024-02-04 08:00:00'),(304,2,0,0,'2024-02-04 08:00:00'),(305,1,0,0,'2024-02-04 09:00:00'),(306,2,0,0,'2024-02-04 09:00:00'),(307,1,0,0,'2024-02-04 10:00:00'),(308,2,0,0,'2024-02-04 10:00:00'),(309,1,0,0,'2024-02-04 11:00:00'),(310,2,0,0,'2024-02-04 11:00:00'),(311,1,0,0,'2024-02-04 12:00:00'),(312,2,0,0,'2024-02-04 12:00:00'),(313,1,0,0,'2024-02-04 13:00:00'),(314,2,0,0,'2024-02-04 13:00:00'),(315,1,0,0,'2024-02-04 14:00:00'),(316,2,0,0,'2024-02-04 14:00:00'),(317,1,0,0,'2024-02-04 15:00:00'),(318,2,0,0,'2024-02-04 15:00:00'),(319,1,0,0,'2024-02-04 16:00:00'),(320,2,0,0,'2024-02-04 16:00:00'),(321,1,0,0,'2024-02-04 17:00:00'),(322,2,0,0,'2024-02-04 17:00:00'),(323,1,0,0,'2024-02-04 18:00:00'),(324,2,0,0,'2024-02-04 18:00:00'),(325,1,0,0,'2024-02-04 19:00:00'),(326,2,0,0,'2024-02-04 19:00:00'),(327,1,0,0,'2024-02-04 20:00:00'),(328,2,0,0,'2024-02-04 20:00:00'),(329,1,0,0,'2024-02-04 21:00:00'),(330,2,0,0,'2024-02-04 21:00:00'),(331,1,0,0,'2024-02-04 22:00:00'),(332,2,0,0,'2024-02-04 22:00:00'),(333,1,0,0,'2024-02-04 23:00:00'),(334,2,0,0,'2024-02-04 23:00:00'),(335,1,0,0,'2024-02-05 00:00:00'),(336,2,0,0,'2024-02-05 00:00:00'),(337,1,0,0,'2024-02-05 01:00:00'),(338,2,0,0,'2024-02-05 01:00:00'),(339,1,0,0,'2024-02-05 02:00:00'),(340,2,0,0,'2024-02-05 02:00:00'),(341,1,0,0,'2024-02-05 03:00:00'),(342,2,0,0,'2024-02-05 03:00:00'),(343,1,0,0,'2024-02-05 04:00:00'),(344,2,0,0,'2024-02-05 04:00:00'),(345,1,0,0,'2024-02-05 05:00:00'),(346,2,0,0,'2024-02-05 05:00:00'),(347,1,0,0,'2024-02-05 06:00:00'),(348,2,0,0,'2024-02-05 06:00:00'),(349,1,0,0,'2024-02-05 07:00:00'),(350,2,0,0,'2024-02-05 07:00:00'),(351,1,0,0,'2024-02-05 08:00:00'),(352,2,0,0,'2024-02-05 08:00:00'),(353,1,0,0,'2024-02-05 09:00:00'),(354,2,0,0,'2024-02-05 09:00:00'),(355,1,0,0,'2024-02-05 10:00:00'),(356,2,0,0,'2024-02-05 10:00:00'),(357,1,0,0,'2024-02-05 11:00:00'),(358,2,0,0,'2024-02-05 11:00:00'),(359,1,0,0,'2024-02-05 12:00:00'),(360,2,0,0,'2024-02-05 12:00:00'),(361,1,0,0,'2024-02-05 13:00:00'),(362,2,0,0,'2024-02-05 13:00:00'),(363,1,0,0,'2024-02-05 14:00:00'),(364,2,0,0,'2024-02-05 14:00:00'),(365,1,0,0,'2024-02-05 15:00:00'),(366,2,0,0,'2024-02-05 15:00:00'),(367,1,0,0,'2024-02-05 16:00:00'),(368,2,0,0,'2024-02-05 16:00:00'),(369,1,0,0,'2024-02-05 17:00:00'),(370,2,0,0,'2024-02-05 17:00:00'),(371,1,0,0,'2024-02-05 18:00:00'),(372,2,0,0,'2024-02-05 18:00:00'),(373,1,0,0,'2024-02-05 19:00:00'),(374,2,0,0,'2024-02-05 19:00:00'),(375,1,0,0,'2024-02-05 20:00:00'),(376,2,0,0,'2024-02-05 20:00:00'),(377,1,0,0,'2024-02-05 21:00:00'),(378,2,0,0,'2024-02-05 21:00:00'),(379,1,0,0,'2024-02-05 22:00:00'),(380,2,0,0,'2024-02-05 22:00:00'),(381,1,0,0,'2024-02-05 23:00:00'),(382,2,0,0,'2024-02-05 23:00:00'),(383,1,0,0,'2024-02-06 00:00:00'),(384,2,0,0,'2024-02-06 00:00:00'),(385,1,0,0,'2024-02-06 01:00:00'),(386,2,0,0,'2024-02-06 01:00:00'),(387,1,0,0,'2024-02-06 02:00:00'),(388,2,0,0,'2024-02-06 02:00:00'),(389,1,0,0,'2024-02-06 03:00:00'),(390,2,0,0,'2024-02-06 03:00:00'),(391,1,0,0,'2024-02-06 04:00:00'),(392,2,0,0,'2024-02-06 04:00:00'),(393,1,0,0,'2024-02-06 05:00:00'),(394,2,0,0,'2024-02-06 05:00:00'),(395,1,0,0,'2024-02-06 06:00:00'),(396,2,0,0,'2024-02-06 06:00:00'),(397,1,0,0,'2024-02-06 07:00:00'),(398,2,0,0,'2024-02-06 07:00:00'),(399,1,0,0,'2024-02-06 08:00:00'),(400,2,0,0,'2024-02-06 08:00:00'),(401,1,0,0,'2024-02-06 09:00:00'),(402,2,0,0,'2024-02-06 09:00:00'),(403,1,0,0,'2024-02-06 10:00:00'),(404,2,0,0,'2024-02-06 10:00:00'),(405,1,0,0,'2024-02-06 11:00:00'),(406,2,0,0,'2024-02-06 11:00:00'),(407,1,0,0,'2024-02-06 12:00:00'),(408,2,0,0,'2024-02-06 12:00:00'),(409,1,0,0,'2024-02-06 13:00:00'),(410,2,0,0,'2024-02-06 13:00:00'),(411,1,0,0,'2024-02-06 14:00:00'),(412,2,0,0,'2024-02-06 14:00:00'),(413,1,0,0,'2024-02-06 15:00:00'),(414,2,0,0,'2024-02-06 15:00:00'),(415,1,0,0,'2024-02-06 16:00:00'),(416,2,0,0,'2024-02-06 16:00:00'),(417,1,0,0,'2024-02-06 17:00:00'),(418,2,0,0,'2024-02-06 17:00:00'),(419,1,0,0,'2024-02-06 18:00:00'),(420,2,0,0,'2024-02-06 18:00:00'),(421,1,0,0,'2024-02-06 19:00:00'),(422,2,0,0,'2024-02-06 19:00:00'),(423,1,0,0,'2024-02-06 20:00:00'),(424,2,0,0,'2024-02-06 20:00:00'),(425,1,0,0,'2024-02-06 21:00:00'),(426,2,0,0,'2024-02-06 21:00:00'),(427,1,0,0,'2024-02-06 22:00:00'),(428,2,0,0,'2024-02-06 22:00:00'),(429,1,0,0,'2024-02-06 23:00:00'),(430,2,0,0,'2024-02-06 23:00:00'),(431,1,0,0,'2024-02-07 00:00:00'),(432,2,0,0,'2024-02-07 00:00:00'),(433,1,0,0,'2024-02-07 01:00:00'),(434,2,0,0,'2024-02-07 01:00:00'),(435,1,0,0,'2024-02-07 02:00:00'),(436,2,0,0,'2024-02-07 02:00:00'),(437,1,0,0,'2024-02-07 03:00:00'),(438,2,0,0,'2024-02-07 03:00:00'),(439,1,0,0,'2024-02-07 04:00:00'),(440,2,0,0,'2024-02-07 04:00:00'),(441,1,0,0,'2024-02-07 05:00:00'),(442,2,0,0,'2024-02-07 05:00:00'),(443,1,0,0,'2024-02-07 06:00:00'),(444,2,0,0,'2024-02-07 06:00:00'),(445,1,0,0,'2024-02-07 07:00:00'),(446,2,0,0,'2024-02-07 07:00:00'),(447,1,0,0,'2024-02-07 08:00:00'),(448,2,0,0,'2024-02-07 08:00:00'),(449,1,0,0,'2024-02-07 09:00:00'),(450,2,0,0,'2024-02-07 09:00:00'),(451,1,0,0,'2024-02-07 10:00:00'),(452,2,0,0,'2024-02-07 10:00:00'),(453,1,0,0,'2024-02-07 11:00:00'),(454,2,0,0,'2024-02-07 11:00:00'),(455,1,0,0,'2024-02-07 12:00:00'),(456,2,0,0,'2024-02-07 12:00:00'),(457,1,0,0,'2024-02-07 13:00:00'),(458,2,0,0,'2024-02-07 13:00:00'),(459,1,0,0,'2024-02-07 14:00:00'),(460,2,0,0,'2024-02-07 14:00:00'),(461,1,0,0,'2024-02-07 15:00:00'),(462,2,0,0,'2024-02-07 15:00:00'),(463,1,0,0,'2024-02-07 16:00:00'),(464,2,0,0,'2024-02-07 16:00:00'),(465,1,0,0,'2024-02-07 17:00:00'),(466,2,0,0,'2024-02-07 17:00:00'),(467,1,0,0,'2024-02-07 18:00:00'),(468,2,0,0,'2024-02-07 18:00:00'),(469,1,0,0,'2024-02-07 19:00:00'),(470,2,0,0,'2024-02-07 19:00:00'),(471,1,0,0,'2024-02-07 20:00:00'),(472,2,0,0,'2024-02-07 20:00:00'),(473,1,0,0,'2024-02-07 21:00:00'),(474,2,0,0,'2024-02-07 21:00:00'),(475,1,0,0,'2024-02-07 22:00:00'),(476,2,0,0,'2024-02-07 22:00:00'),(477,1,0,0,'2024-02-07 23:00:00'),(478,2,0,0,'2024-02-07 23:00:00'),(479,1,0,0,'2024-02-08 00:00:00'),(480,2,0,0,'2024-02-08 00:00:00'),(481,1,0,0,'2024-02-08 01:00:00'),(482,2,0,0,'2024-02-08 01:00:00'),(483,1,0,0,'2024-02-08 02:00:00'),(484,2,0,0,'2024-02-08 02:00:00'),(485,1,0,0,'2024-02-08 03:00:00'),(486,2,0,0,'2024-02-08 03:00:00'),(487,1,0,0,'2024-02-08 04:00:00'),(488,2,0,0,'2024-02-08 04:00:00'),(489,1,0,0,'2024-02-08 05:00:00'),(490,2,0,0,'2024-02-08 05:00:00'),(491,1,0,0,'2024-02-08 06:00:00'),(492,2,0,0,'2024-02-08 06:00:00'),(493,1,0,0,'2024-02-08 07:00:00'),(494,2,0,0,'2024-02-08 07:00:00'),(495,1,0,0,'2024-02-08 08:00:00'),(496,2,0,0,'2024-02-08 08:00:00'),(497,1,0,0,'2024-02-08 09:00:00'),(498,2,0,0,'2024-02-08 09:00:00'),(499,1,6794,0,'2024-02-08 10:00:00'),(500,2,0,0,'2024-02-08 10:00:00'),(501,1,0,0,'2024-02-08 11:00:00'),(502,2,0,0,'2024-02-08 11:00:00'),(503,1,0,0,'2024-02-08 12:00:00'),(504,2,0,0,'2024-02-08 12:00:00'),(505,1,0,0,'2024-02-08 13:00:00'),(506,2,0,0,'2024-02-08 13:00:00'),(507,1,0,0,'2024-02-08 14:00:00'),(508,2,0,0,'2024-02-08 14:00:00'),(509,1,0,0,'2024-02-08 15:00:00'),(510,2,0,0,'2024-02-08 15:00:00'),(511,1,0,0,'2024-02-08 16:00:00'),(512,2,0,0,'2024-02-08 16:00:00'),(513,1,0,0,'2024-02-08 17:00:00'),(514,2,0,0,'2024-02-08 17:00:00'),(515,1,0,0,'2024-02-08 18:00:00'),(516,2,0,0,'2024-02-08 18:00:00'),(517,1,0,0,'2024-02-08 19:00:00'),(518,2,0,0,'2024-02-08 19:00:00'),(519,1,0,0,'2024-02-08 20:00:00'),(520,2,0,0,'2024-02-08 20:00:00'),(521,1,0,0,'2024-02-08 21:00:00'),(522,2,0,0,'2024-02-08 21:00:00'),(523,1,0,0,'2024-02-08 22:00:00'),(524,2,0,0,'2024-02-08 22:00:00'),(525,1,0,0,'2024-02-08 23:00:00'),(526,2,0,0,'2024-02-08 23:00:00'),(527,1,0,0,'2024-02-09 00:00:00'),(528,2,0,0,'2024-02-09 00:00:00'),(529,1,0,0,'2024-02-09 01:00:00'),(530,2,0,0,'2024-02-09 01:00:00'),(531,1,0,0,'2024-02-09 02:00:00'),(532,2,0,0,'2024-02-09 02:00:00'),(533,1,0,0,'2024-02-09 03:00:00'),(534,2,0,0,'2024-02-09 03:00:00'),(535,1,0,0,'2024-02-09 04:00:00'),(536,2,0,0,'2024-02-09 04:00:00'),(537,1,0,0,'2024-02-09 05:00:00'),(538,2,0,0,'2024-02-09 05:00:00'),(539,1,0,0,'2024-02-09 06:00:00'),(540,2,0,0,'2024-02-09 06:00:00'),(541,1,0,0,'2024-02-09 07:00:00'),(542,2,0,0,'2024-02-09 07:00:00'),(543,1,0,0,'2024-02-09 08:00:00'),(544,2,0,0,'2024-02-09 08:00:00'),(545,1,0,0,'2024-02-09 09:00:00'),(546,2,0,0,'2024-02-09 09:00:00'),(547,1,0,0,'2024-02-09 10:00:00'),(548,2,0,0,'2024-02-09 10:00:00'),(549,1,0,0,'2024-02-09 11:00:00'),(550,2,0,0,'2024-02-09 11:00:00'),(551,1,0,0,'2024-02-09 12:00:00'),(552,2,0,0,'2024-02-09 12:00:00'),(553,1,0,0,'2024-02-09 13:00:00'),(554,2,0,0,'2024-02-09 13:00:00'),(555,1,0,0,'2024-02-09 14:00:00'),(556,2,0,0,'2024-02-09 14:00:00'),(557,1,0,0,'2024-02-09 15:00:00'),(558,2,0,0,'2024-02-09 15:00:00'),(559,1,0,0,'2024-02-09 16:00:00'),(560,2,0,0,'2024-02-09 16:00:00'),(561,1,0,0,'2024-02-09 17:00:00'),(562,2,0,0,'2024-02-09 17:00:00'),(563,1,0,0,'2024-02-09 18:00:00'),(564,2,0,0,'2024-02-09 18:00:00'),(565,1,0,0,'2024-02-09 19:00:00'),(566,2,0,0,'2024-02-09 19:00:00'),(567,1,0,0,'2024-02-09 20:00:00'),(568,2,0,0,'2024-02-09 20:00:00'),(569,1,0,0,'2024-02-09 21:00:00'),(570,2,0,0,'2024-02-09 21:00:00'),(571,1,0,0,'2024-02-09 22:00:00'),(572,2,0,0,'2024-02-09 22:00:00'),(573,1,0,0,'2024-02-09 23:00:00'),(574,2,0,0,'2024-02-09 23:00:00'),(575,1,0,0,'2024-02-10 00:00:00'),(576,2,0,0,'2024-02-10 00:00:00'),(577,1,0,0,'2024-02-10 01:00:00'),(578,2,0,0,'2024-02-10 01:00:00'),(579,1,0,0,'2024-02-10 02:00:00'),(580,2,0,0,'2024-02-10 02:00:00'),(581,1,0,0,'2024-02-10 03:00:00'),(582,2,0,0,'2024-02-10 03:00:00'),(583,1,0,0,'2024-02-10 04:00:00'),(584,2,0,0,'2024-02-10 04:00:00'),(585,1,0,0,'2024-02-10 05:00:00'),(586,2,0,0,'2024-02-10 05:00:00'),(587,1,0,0,'2024-02-10 06:00:00'),(588,2,0,0,'2024-02-10 06:00:00'),(589,1,0,0,'2024-02-10 07:00:00'),(590,2,0,0,'2024-02-10 07:00:00'),(591,1,0,0,'2024-02-10 08:00:00'),(592,2,0,0,'2024-02-10 08:00:00'),(593,1,0,0,'2024-02-10 09:00:00'),(594,2,0,0,'2024-02-10 09:00:00'),(595,1,0,0,'2024-02-10 10:00:00'),(596,2,0,0,'2024-02-10 10:00:00'),(597,1,0,0,'2024-02-10 11:00:00'),(598,2,0,0,'2024-02-10 11:00:00'),(599,1,0,0,'2024-02-10 12:00:00'),(600,2,0,0,'2024-02-10 12:00:00'),(601,1,0,0,'2024-02-10 13:00:00'),(602,2,0,0,'2024-02-10 13:00:00'),(603,1,0,0,'2024-02-10 14:00:00'),(604,2,0,0,'2024-02-10 14:00:00'),(605,1,0,0,'2024-02-10 15:00:00'),(606,2,0,0,'2024-02-10 15:00:00'),(607,1,0,0,'2024-02-10 16:00:00'),(608,2,0,0,'2024-02-10 16:00:00'),(609,1,0,0,'2024-02-10 17:00:00'),(610,2,0,0,'2024-02-10 17:00:00'),(611,1,0,0,'2024-02-10 18:00:00'),(612,2,0,0,'2024-02-10 18:00:00'),(613,1,0,0,'2024-02-10 19:00:00'),(614,2,0,0,'2024-02-10 19:00:00'),(615,1,0,0,'2024-02-10 20:00:00'),(616,2,0,0,'2024-02-10 20:00:00'),(617,1,0,0,'2024-02-10 21:00:00'),(618,2,0,0,'2024-02-10 21:00:00'),(619,1,0,0,'2024-02-10 22:00:00'),(620,2,0,0,'2024-02-10 22:00:00'),(621,1,0,0,'2024-02-10 23:00:00'),(622,2,0,0,'2024-02-10 23:00:00'),(623,1,0,0,'2024-02-11 00:00:00'),(624,2,0,0,'2024-02-11 00:00:00'),(625,1,0,0,'2024-02-11 01:00:00'),(626,2,0,0,'2024-02-11 01:00:00'),(627,1,0,0,'2024-02-11 02:00:00'),(628,2,0,0,'2024-02-11 02:00:00'),(629,1,0,0,'2024-02-11 03:00:00'),(630,2,0,0,'2024-02-11 03:00:00'),(631,1,0,0,'2024-02-11 04:00:00'),(632,2,0,0,'2024-02-11 04:00:00'),(633,1,0,0,'2024-02-11 05:00:00'),(634,2,0,0,'2024-02-11 05:00:00'),(635,1,0,0,'2024-02-11 06:00:00'),(636,2,0,0,'2024-02-11 06:00:00'),(637,1,0,0,'2024-02-11 07:00:00'),(638,2,0,0,'2024-02-11 07:00:00'),(639,1,0,0,'2024-02-11 08:00:00'),(640,2,0,0,'2024-02-11 08:00:00'),(641,1,0,0,'2024-02-11 09:00:00'),(642,2,0,0,'2024-02-11 09:00:00'),(643,1,0,0,'2024-02-11 10:00:00'),(644,2,0,0,'2024-02-11 10:00:00'),(645,1,0,0,'2024-02-11 11:00:00'),(646,2,0,0,'2024-02-11 11:00:00'),(647,1,0,0,'2024-02-11 12:00:00'),(648,2,0,0,'2024-02-11 12:00:00'),(649,1,0,0,'2024-02-11 13:00:00'),(650,2,0,0,'2024-02-11 13:00:00'),(651,1,0,0,'2024-02-11 14:00:00'),(652,2,0,0,'2024-02-11 14:00:00'),(653,1,0,0,'2024-02-11 15:00:00'),(654,2,0,0,'2024-02-11 15:00:00'),(655,1,0,0,'2024-02-11 16:00:00'),(656,2,0,0,'2024-02-11 16:00:00'),(657,1,0,0,'2024-02-11 17:00:00'),(658,2,0,0,'2024-02-11 17:00:00'),(659,1,0,0,'2024-02-11 18:00:00'),(660,2,0,0,'2024-02-11 18:00:00'),(661,1,0,0,'2024-02-11 19:00:00'),(662,2,0,0,'2024-02-11 19:00:00'),(663,1,0,0,'2024-02-11 20:00:00'),(664,2,0,0,'2024-02-11 20:00:00'),(665,1,0,0,'2024-02-11 21:00:00'),(666,2,0,0,'2024-02-11 21:00:00'),(667,1,0,0,'2024-02-11 22:00:00'),(668,2,0,0,'2024-02-11 22:00:00'),(669,1,0,0,'2024-02-11 23:00:00'),(670,2,0,0,'2024-02-11 23:00:00'),(671,1,0,0,'2024-02-12 00:00:00'),(672,2,0,0,'2024-02-12 00:00:00'),(673,1,0,0,'2024-02-12 01:00:00'),(674,2,0,0,'2024-02-12 01:00:00'),(675,1,0,0,'2024-02-12 02:00:00'),(676,2,0,0,'2024-02-12 02:00:00'),(677,1,0,0,'2024-02-12 03:00:00'),(678,2,0,0,'2024-02-12 03:00:00'),(679,1,0,0,'2024-02-12 04:00:00'),(680,2,0,0,'2024-02-12 04:00:00'),(681,1,0,0,'2024-02-12 05:00:00'),(682,2,0,0,'2024-02-12 05:00:00'),(683,1,0,0,'2024-02-12 06:00:00'),(684,2,0,0,'2024-02-12 06:00:00'),(685,1,0,0,'2024-02-12 07:00:00'),(686,2,0,0,'2024-02-12 07:00:00'),(687,1,0,0,'2024-02-12 08:00:00'),(688,2,0,0,'2024-02-12 08:00:00'),(689,1,0,0,'2024-02-12 09:00:00'),(690,2,0,0,'2024-02-12 09:00:00'),(691,1,0,0,'2024-02-12 10:00:00'),(692,2,0,0,'2024-02-12 10:00:00'),(693,1,0,0,'2024-02-12 11:00:00'),(694,2,0,0,'2024-02-12 11:00:00'),(695,1,707,0,'2024-02-12 12:00:00'),(696,2,0,0,'2024-02-12 12:00:00'),(697,1,0,0,'2024-02-12 13:00:00'),(698,2,0,0,'2024-02-12 13:00:00'),(699,1,0,0,'2024-02-12 14:00:00'),(700,2,0,0,'2024-02-12 14:00:00'),(701,1,0,0,'2024-02-12 15:00:00'),(702,2,0,0,'2024-02-12 15:00:00'),(703,1,0,0,'2024-02-12 16:00:00'),(704,2,0,0,'2024-02-12 16:00:00'),(705,1,0,0,'2024-02-12 17:00:00'),(706,2,0,0,'2024-02-12 17:00:00'),(707,1,0,0,'2024-02-12 18:00:00'),(708,2,0,0,'2024-02-12 18:00:00'),(709,1,0,0,'2024-02-12 19:00:00'),(710,2,0,0,'2024-02-12 19:00:00'),(711,1,0,0,'2024-02-12 20:00:00'),(712,2,0,0,'2024-02-12 20:00:00'),(713,1,0,0,'2024-02-12 21:00:00'),(714,2,0,0,'2024-02-12 21:00:00'),(715,1,0,0,'2024-02-12 22:00:00'),(716,2,0,0,'2024-02-12 22:00:00'),(717,1,0,0,'2024-02-12 23:00:00'),(718,2,0,0,'2024-02-12 23:00:00'),(719,1,0,0,'2024-02-13 00:00:00'),(720,2,0,0,'2024-02-13 00:00:00'),(721,1,0,0,'2024-02-13 01:00:00'),(722,2,0,0,'2024-02-13 01:00:00'),(723,1,0,0,'2024-02-13 02:00:00'),(724,2,0,0,'2024-02-13 02:00:00'),(725,1,0,0,'2024-02-13 03:00:00'),(726,2,0,0,'2024-02-13 03:00:00'),(727,1,0,0,'2024-02-13 04:00:00'),(728,2,0,0,'2024-02-13 04:00:00'),(729,1,0,0,'2024-02-13 05:00:00'),(730,2,0,0,'2024-02-13 05:00:00'),(731,1,0,0,'2024-02-13 06:00:00'),(732,2,0,0,'2024-02-13 06:00:00'),(733,1,0,0,'2024-02-13 07:00:00'),(734,2,0,0,'2024-02-13 07:00:00'),(735,1,0,0,'2024-02-13 08:00:00'),(736,2,0,0,'2024-02-13 08:00:00'),(737,1,0,0,'2024-02-13 09:00:00'),(738,2,0,0,'2024-02-13 09:00:00'),(739,1,6030,0,'2024-02-13 10:00:00'),(740,2,0,0,'2024-02-13 10:00:00'),(741,1,4203,0,'2024-02-13 11:00:00'),(742,2,0,0,'2024-02-13 11:00:00'),(743,1,39,0,'2024-02-13 12:00:00'),(744,2,0,0,'2024-02-13 12:00:00'),(745,1,0,0,'2024-02-13 13:00:00'),(746,2,0,0,'2024-02-13 13:00:00'),(747,1,0,0,'2024-02-13 14:00:00'),(748,2,0,0,'2024-02-13 14:00:00'),(749,1,3200,0,'2024-02-13 15:00:00'),(750,2,0,0,'2024-02-13 15:00:00'),(751,1,2127,0,'2024-02-13 16:00:00'),(752,2,0,0,'2024-02-13 16:00:00'),(753,1,0,0,'2024-02-13 17:00:00'),(754,2,0,0,'2024-02-13 17:00:00'),(755,1,0,0,'2024-02-13 18:00:00'),(756,2,0,0,'2024-02-13 18:00:00'),(757,1,0,0,'2024-02-13 19:00:00'),(758,2,0,0,'2024-02-13 19:00:00'),(759,1,0,0,'2024-02-13 20:00:00'),(760,2,0,0,'2024-02-13 20:00:00'),(761,1,0,0,'2024-02-13 21:00:00'),(762,2,0,0,'2024-02-13 21:00:00'),(763,1,0,0,'2024-02-13 22:00:00'),(764,2,0,0,'2024-02-13 22:00:00'),(765,1,0,0,'2024-02-13 23:00:00'),(766,2,0,0,'2024-02-13 23:00:00'),(767,1,0,0,'2024-02-14 00:00:00'),(768,2,0,0,'2024-02-14 00:00:00'),(769,1,0,0,'2024-02-14 01:00:00'),(770,2,0,0,'2024-02-14 01:00:00'),(771,1,0,0,'2024-02-14 02:00:00'),(772,2,0,0,'2024-02-14 02:00:00'),(773,1,0,0,'2024-02-14 03:00:00'),(774,2,0,0,'2024-02-14 03:00:00'),(775,1,0,0,'2024-02-14 04:00:00'),(776,2,0,0,'2024-02-14 04:00:00'),(777,1,0,0,'2024-02-14 05:00:00'),(778,2,0,0,'2024-02-14 05:00:00'),(779,1,0,0,'2024-02-14 06:00:00'),(780,2,0,0,'2024-02-14 06:00:00'),(781,1,0,0,'2024-02-14 07:00:00'),(782,2,0,0,'2024-02-14 07:00:00'),(783,1,0,0,'2024-02-14 08:00:00'),(784,2,0,0,'2024-02-14 08:00:00'),(785,1,0,0,'2024-02-14 09:00:00'),(786,2,0,0,'2024-02-14 09:00:00'),(787,1,3566,0,'2024-02-14 10:00:00'),(788,2,0,0,'2024-02-14 10:00:00'),(789,1,1163,0,'2024-02-14 11:00:00'),(790,2,0,0,'2024-02-14 11:00:00'),(791,1,0,0,'2024-02-14 12:00:00'),(792,2,0,0,'2024-02-14 12:00:00'),(793,1,0,0,'2024-02-14 13:00:00'),(794,2,0,0,'2024-02-14 13:00:00'),(795,1,3830,0,'2024-02-14 14:00:00'),(796,2,0,0,'2024-02-14 14:00:00'),(797,1,4082,0,'2024-02-14 15:00:00'),(798,2,0,0,'2024-02-14 15:00:00'),(799,1,873,0,'2024-02-14 16:00:00'),(800,2,0,0,'2024-02-14 16:00:00'),(801,1,0,0,'2024-02-14 17:00:00'),(802,2,0,0,'2024-02-14 17:00:00'),(803,1,0,0,'2024-02-14 18:00:00'),(804,2,0,0,'2024-02-14 18:00:00'),(805,1,0,0,'2024-02-14 19:00:00'),(806,2,0,0,'2024-02-14 19:00:00'),(807,1,0,0,'2024-02-14 20:00:00'),(808,2,0,0,'2024-02-14 20:00:00'),(809,1,0,0,'2024-02-14 21:00:00'),(810,2,0,0,'2024-02-14 21:00:00'),(811,1,0,0,'2024-02-14 22:00:00'),(812,2,0,0,'2024-02-14 22:00:00'),(813,1,0,0,'2024-02-14 23:00:00'),(814,2,0,0,'2024-02-14 23:00:00'),(815,1,0,0,'2024-02-15 00:00:00'),(816,2,0,0,'2024-02-15 00:00:00'),(817,1,0,0,'2024-02-15 01:00:00'),(818,2,0,0,'2024-02-15 01:00:00'),(819,1,0,0,'2024-02-15 02:00:00'),(820,2,0,0,'2024-02-15 02:00:00'),(821,1,0,0,'2024-02-15 03:00:00'),(822,2,0,0,'2024-02-15 03:00:00'),(823,1,0,0,'2024-02-15 04:00:00'),(824,2,0,0,'2024-02-15 04:00:00'),(825,1,0,0,'2024-02-15 05:00:00'),(826,2,0,0,'2024-02-15 05:00:00'),(827,1,0,0,'2024-02-15 06:00:00'),(828,2,0,0,'2024-02-15 06:00:00'),(829,1,0,0,'2024-02-15 07:00:00'),(830,2,0,0,'2024-02-15 07:00:00'),(831,1,0,0,'2024-02-15 08:00:00'),(832,2,0,0,'2024-02-15 08:00:00'),(833,1,0,0,'2024-02-15 09:00:00'),(834,2,0,0,'2024-02-15 09:00:00'),(835,1,3628,0,'2024-02-15 10:00:00'),(836,2,240,0,'2024-02-15 10:00:00'),(837,1,3691,0,'2024-02-15 11:00:00'),(838,2,2544,2544,'2024-02-15 11:00:00'),(839,1,1422,0,'2024-02-15 12:00:00'),(840,2,0,0,'2024-02-15 12:00:00'),(841,1,0,0,'2024-02-15 13:00:00'),(842,2,0,0,'2024-02-15 13:00:00'),(843,1,5910,0,'2024-02-15 14:00:00'),(844,2,0,0,'2024-02-15 14:00:00'),(845,1,5303,0,'2024-02-15 15:00:00'),(846,2,4953,4953,'2024-02-15 15:00:00'),(847,1,4094,0,'2024-02-15 16:00:00'),(848,2,1668,1668,'2024-02-15 16:00:00'),(849,1,0,0,'2024-02-15 17:00:00'),(850,2,0,0,'2024-02-15 17:00:00'),(851,1,0,0,'2024-02-15 18:00:00'),(852,2,0,0,'2024-02-15 18:00:00'),(853,1,0,0,'2024-02-15 19:00:00'),(854,2,0,0,'2024-02-15 19:00:00'),(855,1,0,0,'2024-02-15 20:00:00'),(856,2,0,0,'2024-02-15 20:00:00'),(857,1,0,0,'2024-02-15 21:00:00'),(858,2,0,0,'2024-02-15 21:00:00'),(859,1,0,0,'2024-02-15 22:00:00'),(860,2,0,0,'2024-02-15 22:00:00'),(861,1,0,0,'2024-02-15 23:00:00'),(862,2,0,0,'2024-02-15 23:00:00'),(863,1,0,0,'2024-02-16 00:00:00'),(864,2,0,0,'2024-02-16 00:00:00'),(865,1,0,0,'2024-02-16 01:00:00'),(866,2,0,0,'2024-02-16 01:00:00');
/*!40000 ALTER TABLE `conso_maison` ENABLE KEYS */;
UNLOCK TABLES;

--
-- Table structure for table `maison`
--

DROP TABLE IF EXISTS `maison`;
/*!40101 SET @saved_cs_client     = @@character_set_client */;
/*!50503 SET character_set_client = utf8mb4 */;
CREATE TABLE `maison` (
  `ID` int(11) NOT NULL AUTO_INCREMENT,
  `VILLE` varchar(50) DEFAULT NULL,
  PRIMARY KEY (`ID`)
) ENGINE=InnoDB AUTO_INCREMENT=3 DEFAULT CHARSET=utf8mb4 COLLATE=utf8mb4_general_ci;
/*!40101 SET character_set_client = @saved_cs_client */;

--
-- Dumping data for table `maison`
--

LOCK TABLES `maison` WRITE;
/*!40000 ALTER TABLE `maison` DISABLE KEYS */;
INSERT INTO `maison` VALUES (1,'Bethoncourt'),(2,'Dole');
/*!40000 ALTER TABLE `maison` ENABLE KEYS */;
UNLOCK TABLES;

--
-- Table structure for table `mesures`
--

DROP TABLE IF EXISTS `mesures`;
/*!40101 SET @saved_cs_client     = @@character_set_client */;
/*!50503 SET character_set_client = utf8mb4 */;
CREATE TABLE `mesures` (
  `ID` int(11) NOT NULL AUTO_INCREMENT,
  `ID_OBJETS` int(11) DEFAULT NULL,
  `HORODATAGE` timestamp NULL DEFAULT NULL,
  `VALEUR` varchar(240) DEFAULT NULL,
  `UNITE` varchar(50) DEFAULT NULL,
  PRIMARY KEY (`ID`),
  KEY `ID_OBJETS` (`ID_OBJETS`),
  CONSTRAINT `FK_mesures_objets` FOREIGN KEY (`ID_OBJETS`) REFERENCES `objets` (`ID`) ON DELETE NO ACTION ON UPDATE NO ACTION
) ENGINE=InnoDB AUTO_INCREMENT=1786 DEFAULT CHARSET=utf8mb4 COLLATE=utf8mb4_general_ci;
/*!40101 SET character_set_client = @saved_cs_client */;

--
-- Dumping data for table `mesures`
--

LOCK TABLES `mesures` WRITE;
/*!40000 ALTER TABLE `mesures` DISABLE KEYS */;
INSERT INTO `mesures` VALUES (1,1,'2023-12-01 14:11:06','140',NULL),(6,1,'2023-12-04 10:03:24','42','VA'),(7,1,'2023-12-04 10:38:20','10','W'),(8,1,'2023-12-04 10:39:48','4100','KW'),(9,2,'2023-12-05 09:45:59','170','W'),(10,2,'2023-12-05 09:52:19','100','W'),(11,3,'2023-12-05 09:58:37','14','W'),(12,3,'2023-12-05 09:59:37','13','W'),(13,3,'2023-12-05 09:59:37','235','V'),(14,3,'2023-12-05 09:59:37','0','A'),(16,3,'2023-12-05 10:01:49','235','V'),(17,3,'2023-12-05 10:01:49','0','A'),(18,3,'2023-12-05 10:02:38','235','V'),(19,3,'2023-12-05 10:02:40','0','A'),(20,3,'2023-12-05 10:03:15','235','V'),(21,3,'2023-12-05 10:03:15','0','A'),(22,3,'2023-12-05 10:03:33','18','W'),(23,3,'2023-12-05 10:03:34','235','V'),(24,3,'2023-12-05 10:03:34','0','A'),(25,5,'2023-12-06 13:31:09','0','W'),(26,4,'2023-12-06 13:32:40','25','W'),(27,4,'2023-12-06 13:32:40','233','V'),(28,4,'2023-12-06 13:32:40','0','A'),(29,5,'2023-12-06 13:32:40','0','W'),(30,5,'2023-12-06 13:32:40','233','V'),(31,5,'2023-12-06 13:32:40','0','A'),(32,4,'2023-12-06 13:37:12','22','W'),(33,4,'2023-12-06 13:37:12','234','V'),(34,4,'2023-12-06 13:37:12','0','A'),(35,5,'2023-12-06 13:37:12','0','W'),(36,5,'2023-12-06 13:37:12','233','V'),(37,5,'2023-12-06 13:37:12','0','A'),(38,4,'2023-12-06 13:39:51','0','W'),(39,4,'2023-12-06 13:39:52','233','V'),(40,4,'2023-12-06 13:39:52','0','A'),(41,5,'2023-12-06 13:39:54','0','W'),(42,5,'2023-12-06 13:39:54','233','V'),(43,5,'2023-12-06 13:39:54','0','A'),(44,3,'2023-12-06 13:40:01','30','W'),(45,3,'2023-12-06 13:40:01','233','V'),(46,3,'2023-12-06 13:40:01','0','A'),(47,3,'2023-12-07 10:09:37','28','W'),(48,3,'2023-12-07 10:09:37','233','V'),(49,3,'2023-12-07 10:09:37','0','A'),(50,3,'2023-12-07 10:10:36','28','W'),(51,3,'2023-12-07 10:10:36','233','V'),(52,3,'2023-12-07 10:10:36','0','A'),(53,3,'2023-12-07 10:14:45','26','W'),(54,3,'2023-12-07 10:14:45','233','V'),(55,3,'2023-12-07 10:14:45','0','A'),(56,4,'2023-12-07 12:40:49','0','W'),(57,4,'2023-12-07 12:40:49','237','V'),(58,4,'2023-12-07 12:40:49','0','A'),(59,5,'2023-12-07 12:40:49','0','W'),(60,5,'2023-12-07 12:40:49','236','V'),(61,5,'2023-12-07 12:40:49','0','A'),(62,4,'2023-12-07 12:41:33','0','W'),(63,4,'2023-12-07 12:41:34','237','V'),(64,4,'2023-12-07 12:41:34','0','A'),(65,5,'2023-12-07 12:41:34','0','W'),(66,5,'2023-12-07 12:41:34','237','V'),(67,5,'2023-12-07 12:41:35','0','A'),(68,3,'2023-12-07 12:41:43','0','W'),(69,3,'2023-12-07 12:41:43','235','V'),(70,3,'2023-12-07 12:41:43','0','A'),(71,4,'2023-12-07 12:43:45','0','W'),(72,4,'2023-12-07 12:43:45','237','V'),(73,4,'2023-12-07 12:43:45','0','A'),(74,5,'2023-12-07 12:43:45','0','W'),(75,5,'2023-12-07 12:43:45','237','V'),(76,5,'2023-12-07 12:43:45','0','A'),(77,4,'2023-12-07 12:47:16','0','W'),(78,4,'2023-12-07 12:47:16','237','V'),(79,4,'2023-12-07 12:47:16','0','A'),(80,5,'2023-12-07 12:47:16','0','W'),(81,5,'2023-12-07 12:47:16','237','V'),(82,5,'2023-12-07 12:47:16','0','A'),(83,4,'2023-12-07 12:50:55','0','W'),(84,4,'2023-12-07 12:50:55','237','V'),(85,4,'2023-12-07 12:50:55','0','A'),(86,5,'2023-12-07 12:50:55','0','W'),(87,5,'2023-12-07 12:50:55','236','V'),(88,5,'2023-12-07 12:50:55','0','A'),(89,3,'2023-12-07 12:51:00','0','W'),(90,3,'2023-12-07 12:51:01','235','V'),(91,3,'2023-12-07 12:51:01','0','A'),(92,4,'2023-12-07 12:53:01','0','W'),(93,4,'2023-12-07 12:53:01','236','V'),(94,4,'2023-12-07 12:53:01','0','A'),(95,5,'2023-12-07 12:53:01','0','W'),(96,5,'2023-12-07 12:53:01','236','V'),(97,5,'2023-12-07 12:53:01','0','A'),(98,4,'2023-12-07 12:54:27','0','W'),(99,4,'2023-12-07 12:54:27','236','V'),(100,4,'2023-12-07 12:54:27','0','A'),(101,5,'2023-12-07 12:54:27','0','W'),(102,5,'2023-12-07 12:54:27','236','V'),(103,5,'2023-12-07 12:54:27','0','A'),(104,4,'2023-12-07 12:56:59','0','W'),(105,4,'2023-12-07 12:56:59','237','V'),(106,4,'2023-12-07 12:56:59','0','A'),(107,5,'2023-12-07 12:56:59','0','W'),(108,5,'2023-12-07 12:56:59','236','V'),(109,5,'2023-12-07 12:56:59','0','A'),(110,3,'2023-12-07 12:57:04','0','W'),(111,3,'2023-12-07 12:57:04','235','V'),(112,3,'2023-12-07 12:57:04','0','A'),(113,4,'2023-12-07 13:00:08','0','W'),(114,4,'2023-12-07 13:00:08','236','V'),(115,4,'2023-12-07 13:00:08','0','A'),(116,5,'2023-12-07 13:00:08','0','W'),(117,5,'2023-12-07 13:00:08','236','V'),(118,5,'2023-12-07 13:00:08','0','A'),(119,3,'2023-12-07 13:00:14','0','W'),(120,3,'2023-12-07 13:00:14','235','V'),(121,3,'2023-12-07 13:00:14','0','A'),(122,2,'2023-12-07 13:14:21','155955590','W\''),(123,4,'2023-12-07 13:15:07','0','W'),(124,4,'2023-12-07 13:15:07','237','V'),(125,4,'2023-12-07 13:15:07','0','A'),(126,5,'2023-12-07 13:15:07','0','W'),(127,5,'2023-12-07 13:15:07','237','V'),(128,5,'2023-12-07 13:15:07','0','A'),(129,3,'2023-12-07 13:15:13','0','W'),(130,3,'2023-12-07 13:15:13','235','V'),(131,3,'2023-12-07 13:15:13','0','A'),(132,4,'2023-12-07 13:30:07','0','W'),(133,4,'2023-12-07 13:30:07','237','V'),(134,4,'2023-12-07 13:30:07','0','A'),(135,5,'2023-12-07 13:30:08','0','W'),(136,5,'2023-12-07 13:30:08','237','V'),(137,5,'2023-12-07 13:30:08','0','A'),(138,3,'2023-12-07 13:30:13','30','W'),(139,3,'2023-12-07 13:30:13','237','V'),(140,3,'2023-12-07 13:30:13','0','A'),(141,4,'2023-12-07 13:45:09','0','W'),(142,4,'2023-12-07 13:45:09','237','V'),(143,4,'2023-12-07 13:45:09','0','A'),(144,5,'2023-12-07 13:45:09','0','W'),(145,5,'2023-12-07 13:45:09','237','V'),(146,5,'2023-12-07 13:45:09','0','A'),(147,3,'2023-12-07 13:45:16','37','W'),(148,3,'2023-12-07 13:45:16','235','V'),(149,3,'2023-12-07 13:45:16','0','A'),(150,4,'2023-12-07 14:00:07','0','W'),(151,4,'2023-12-07 14:00:07','238','V'),(152,4,'2023-12-07 14:00:07','0','A'),(153,5,'2023-12-07 14:00:07','0','W'),(154,5,'2023-12-07 14:00:07','238','V'),(155,5,'2023-12-07 14:00:07','0','A'),(156,3,'2023-12-07 14:00:13','35','W'),(157,3,'2023-12-07 14:00:13','237','V'),(158,3,'2023-12-07 14:00:13','0','A'),(159,4,'2023-12-07 14:15:07','0','W'),(160,4,'2023-12-07 14:15:07','238','V'),(161,4,'2023-12-07 14:15:07','0','A'),(162,5,'2023-12-07 14:15:07','0','W'),(163,5,'2023-12-07 14:15:07','238','V'),(164,5,'2023-12-07 14:15:07','0','A'),(165,3,'2023-12-07 14:15:12','31','W'),(166,3,'2023-12-07 14:15:12','237','V'),(167,3,'2023-12-07 14:15:12','0','A'),(168,4,'2023-12-07 14:30:08','0','W'),(169,4,'2023-12-07 14:30:08','238','V'),(170,4,'2023-12-07 14:30:08','0','A'),(171,5,'2023-12-07 14:30:08','0','W'),(172,5,'2023-12-07 14:30:08','238','V'),(173,5,'2023-12-07 14:30:08','0','A'),(174,3,'2023-12-07 14:30:13','33','W'),(175,3,'2023-12-07 14:30:13','237','V'),(176,3,'2023-12-07 14:30:13','0','A'),(177,4,'2023-12-07 14:40:04','0','W'),(178,4,'2023-12-07 14:40:04','237','V'),(179,4,'2023-12-07 14:40:04','0','A'),(180,5,'2023-12-07 14:40:04','0','W'),(181,5,'2023-12-07 14:40:04','237','V'),(182,5,'2023-12-07 14:40:04','0','A'),(183,3,'2023-12-07 14:40:10','33','W'),(184,3,'2023-12-07 14:40:10','235','V'),(185,3,'2023-12-07 14:40:10','0','A'),(186,4,'2023-12-07 14:40:44','0','W'),(187,4,'2023-12-07 14:40:44','237','V'),(188,4,'2023-12-07 14:40:44','0','A'),(189,5,'2023-12-07 14:40:45','0','W'),(190,5,'2023-12-07 14:40:45','237','V'),(191,5,'2023-12-07 14:40:45','0','A'),(192,3,'2023-12-07 14:40:50','32','W'),(193,3,'2023-12-07 14:40:50','235','V'),(194,3,'2023-12-07 14:40:50','0','A'),(195,4,'2023-12-07 14:41:32','0','W'),(196,4,'2023-12-07 14:41:32','237','V'),(197,4,'2023-12-07 14:41:32','0','A'),(198,5,'2023-12-07 14:41:32','0','W'),(199,5,'2023-12-07 14:41:34','237','V'),(200,5,'2023-12-07 14:41:34','0','A'),(201,4,'2023-12-07 14:44:46','0','W'),(202,4,'2023-12-07 14:44:46','237','V'),(203,4,'2023-12-07 14:44:46','0','A'),(204,5,'2023-12-07 14:44:47','0','W'),(205,5,'2023-12-07 14:44:47','236','V'),(206,5,'2023-12-07 14:44:47','0','A'),(207,4,'2023-12-07 14:45:21','0','W'),(208,4,'2023-12-07 14:45:21','237','V'),(209,4,'2023-12-07 14:45:21','0','A'),(210,5,'2023-12-07 14:45:21','0','W'),(211,5,'2023-12-07 14:45:22','237','V'),(212,5,'2023-12-07 14:45:22','0','A'),(213,4,'2023-12-07 14:45:37','0','W'),(214,4,'2023-12-07 14:45:37','237','V'),(215,4,'2023-12-07 14:45:37','0','A'),(216,5,'2023-12-07 14:45:38','0','W'),(217,5,'2023-12-07 14:45:38','237','V'),(218,5,'2023-12-07 14:45:38','0','A'),(219,4,'2023-12-07 14:46:00','0','W'),(220,4,'2023-12-07 14:46:00','237','V'),(221,4,'2023-12-07 14:46:00','0','A'),(222,5,'2023-12-07 14:46:00','0','W'),(223,5,'2023-12-07 14:46:00','237','V'),(224,5,'2023-12-07 14:46:00','0','A'),(225,4,'2023-12-07 14:46:14','0','W'),(226,4,'2023-12-07 14:46:14','237','V'),(227,4,'2023-12-07 14:46:14','0','A'),(228,5,'2023-12-07 14:46:14','0','W'),(229,5,'2023-12-07 14:46:14','237','V'),(230,5,'2023-12-07 14:46:14','0','A'),(231,7,'2023-12-07 14:46:14','82','W\''),(232,4,'2023-12-07 14:52:51','0','W'),(233,4,'2023-12-07 14:52:51','237','V'),(234,4,'2023-12-07 14:52:51','0','A'),(235,5,'2023-12-07 14:52:51','0','W'),(236,5,'2023-12-07 14:52:51','237','V'),(237,5,'2023-12-07 14:52:51','0','A'),(238,7,'2023-12-07 14:52:51','95','W\''),(239,4,'2023-12-07 14:54:51','0','W'),(240,4,'2023-12-07 14:54:51','237','V'),(241,4,'2023-12-07 14:54:51','0','A'),(242,5,'2023-12-07 14:54:52','0','W'),(243,5,'2023-12-07 14:54:52','237','V'),(244,5,'2023-12-07 14:54:52','0','A'),(245,7,'2023-12-07 14:54:53','48','W\''),(246,4,'2023-12-07 15:00:03','0','W'),(247,4,'2023-12-07 15:00:03','237','V'),(248,4,'2023-12-07 15:00:03','0','A'),(249,5,'2023-12-07 15:00:03','0','W'),(250,5,'2023-12-07 15:00:03','237','V'),(251,5,'2023-12-07 15:00:03','0','A'),(252,4,'2023-12-07 15:00:32','0','W'),(253,4,'2023-12-07 15:00:32','238','V'),(254,4,'2023-12-07 15:00:32','0','A'),(255,5,'2023-12-07 15:00:33','0','W'),(256,5,'2023-12-07 15:00:33','238','V'),(257,5,'2023-12-07 15:00:33','0','A'),(258,4,'2023-12-07 15:15:02','0','W'),(259,4,'2023-12-07 15:15:02','237','V'),(260,4,'2023-12-07 15:15:02','0','A'),(261,5,'2023-12-07 15:15:02','0','W'),(262,5,'2023-12-07 15:15:02','237','V'),(263,5,'2023-12-07 15:15:02','0','A'),(264,4,'2023-12-07 15:21:25','0','W'),(265,4,'2023-12-07 15:21:25','237','V'),(266,4,'2023-12-07 15:21:25','0','A'),(267,5,'2023-12-07 15:21:25','0','W'),(268,5,'2023-12-07 15:21:25','237','V'),(269,5,'2023-12-07 15:21:25','0','A'),(270,4,'2023-12-07 15:30:03','0','W'),(271,4,'2023-12-07 15:30:03','237','V'),(272,4,'2023-12-07 15:30:03','0','A'),(273,5,'2023-12-07 15:30:03','0','W'),(274,5,'2023-12-07 15:30:03','237','V'),(275,5,'2023-12-07 15:30:03','0','A'),(276,4,'2023-12-07 15:45:03','0','W'),(277,4,'2023-12-07 15:45:03','236','V'),(278,4,'2023-12-07 15:45:03','0','A'),(279,5,'2023-12-07 15:45:03','0','W'),(280,5,'2023-12-07 15:45:03','236','V'),(281,5,'2023-12-07 15:45:03','0','A'),(282,4,'2023-12-07 16:00:04','0','W'),(283,4,'2023-12-07 16:00:04','236','V'),(284,4,'2023-12-07 16:00:04','0','A'),(285,5,'2023-12-07 16:00:04','0','W'),(286,5,'2023-12-07 16:00:04','236','V'),(287,5,'2023-12-07 16:00:04','0','A'),(288,4,'2023-12-07 16:15:03','0','W'),(289,4,'2023-12-07 16:15:03','237','V'),(290,4,'2023-12-07 16:15:03','0','A'),(291,5,'2023-12-07 16:15:03','0','W'),(292,5,'2023-12-07 16:15:03','237','V'),(293,5,'2023-12-07 16:15:03','0','A'),(294,4,'2023-12-07 17:45:14','0','W'),(295,4,'2023-12-07 17:45:14','232','V'),(296,4,'2023-12-07 17:45:14','0','A'),(297,5,'2023-12-07 17:45:14','0','W'),(298,5,'2023-12-07 17:45:14','232','V'),(299,5,'2023-12-07 17:45:14','0','A'),(300,4,'2023-12-08 08:00:07','0','W'),(301,4,'2023-12-08 08:00:07','234','V'),(302,4,'2023-12-08 08:00:07','0','A'),(303,5,'2023-12-08 08:00:08','0','W'),(304,5,'2023-12-08 08:00:08','234','V'),(305,5,'2023-12-08 08:00:08','0','A'),(306,4,'2023-12-08 09:06:19','3','W'),(307,4,'2023-12-08 09:06:19','232','V'),(308,4,'2023-12-08 09:06:19','0','A'),(309,5,'2023-12-08 09:06:19','0','W'),(310,5,'2023-12-08 09:06:19','232','V'),(311,5,'2023-12-08 09:06:19','0','A'),(312,7,'2023-12-08 09:06:19','35','W\''),(313,4,'2023-12-08 09:14:32','3','W'),(314,4,'2023-12-08 09:14:32','233','V'),(315,4,'2023-12-08 09:14:32','0','A'),(316,5,'2023-12-08 09:14:33','0','W'),(317,5,'2023-12-08 09:14:33','233','V'),(318,5,'2023-12-08 09:14:33','0','A'),(319,7,'2023-12-08 09:14:33','27','W\''),(320,4,'2023-12-08 09:15:05','3','W'),(321,4,'2023-12-08 09:15:05','233','V'),(322,4,'2023-12-08 09:15:05','0','A'),(323,5,'2023-12-08 09:15:05','0','W'),(324,5,'2023-12-08 09:15:05','233','V'),(325,5,'2023-12-08 09:15:05','0','A'),(326,4,'2023-12-08 09:30:04','3','W'),(327,4,'2023-12-08 09:30:04','233','V'),(328,4,'2023-12-08 09:30:04','0','A'),(329,5,'2023-12-08 09:30:05','0','W'),(330,5,'2023-12-08 09:30:05','233','V'),(331,5,'2023-12-08 09:30:05','0','A'),(332,7,'2023-12-08 09:30:05','98','W\''),(333,4,'2023-12-08 09:48:16','3','W'),(334,4,'2023-12-08 09:48:16','234','V'),(335,4,'2023-12-08 09:48:16','0','A'),(336,5,'2023-12-08 09:48:16','0','W'),(337,5,'2023-12-08 09:48:16','234','V'),(338,5,'2023-12-08 09:48:16','0','A'),(339,7,'2023-12-08 09:48:16','99','W\''),(340,4,'2023-12-08 09:49:05','3','W'),(341,4,'2023-12-08 09:49:05','234','V'),(342,4,'2023-12-08 09:49:05','0','A'),(343,5,'2023-12-08 09:49:05','0','W'),(344,5,'2023-12-08 09:49:05','234','V'),(345,5,'2023-12-08 09:49:05','0','A'),(346,7,'2023-12-08 09:49:05','43','W\''),(347,4,'2023-12-08 10:00:07','0','W'),(348,4,'2023-12-08 10:00:07','233','V'),(349,4,'2023-12-08 10:00:07','0','A'),(350,5,'2023-12-08 10:00:07','0','W'),(351,5,'2023-12-08 10:00:07','233','V'),(352,5,'2023-12-08 10:00:07','0','A'),(353,7,'2023-12-08 10:00:07','19','W\''),(354,4,'2023-12-08 10:15:07','3','W'),(355,4,'2023-12-08 10:15:07','232','V'),(356,4,'2023-12-08 10:15:07','0','A'),(357,5,'2023-12-08 10:15:07','0','W'),(358,5,'2023-12-08 10:15:07','232','V'),(359,5,'2023-12-08 10:15:07','0','A'),(360,7,'2023-12-08 10:15:07','24','W\''),(361,4,'2023-12-08 10:30:07','3','W'),(362,4,'2023-12-08 10:30:07','232','V'),(363,4,'2023-12-08 10:30:07','0','A'),(364,5,'2023-12-08 10:30:07','0','W'),(365,5,'2023-12-08 10:30:07','232','V'),(366,5,'2023-12-08 10:30:07','0','A'),(367,4,'2023-12-08 10:45:06','3','W'),(368,4,'2023-12-08 10:45:06','232','V'),(369,4,'2023-12-08 10:45:06','0','A'),(370,5,'2023-12-08 10:45:06','0','W'),(371,5,'2023-12-08 10:45:06','232','V'),(372,5,'2023-12-08 10:45:06','0','A'),(373,4,'2023-12-08 11:00:07','3','W'),(374,4,'2023-12-08 11:00:07','232','V'),(375,4,'2023-12-08 11:00:07','0','A'),(376,5,'2023-12-08 11:00:07','0','W'),(377,5,'2023-12-08 11:00:07','232','V'),(378,5,'2023-12-08 11:00:07','0','A'),(379,4,'2023-12-08 11:15:07','3','W'),(380,4,'2023-12-08 11:15:07','233','V'),(381,4,'2023-12-08 11:15:07','0','A'),(382,5,'2023-12-08 11:15:07','0','W'),(383,5,'2023-12-08 11:15:07','233','V'),(384,5,'2023-12-08 11:15:07','0','A'),(385,4,'2023-12-08 11:30:06','3','W'),(386,4,'2023-12-08 11:30:06','234','V'),(387,4,'2023-12-08 11:30:06','0','A'),(388,5,'2023-12-08 11:30:06','0','W'),(389,5,'2023-12-08 11:30:06','234','V'),(390,5,'2023-12-08 11:30:06','0','A'),(391,4,'2024-02-08 09:14:12','26','W'),(392,4,'2024-02-08 09:14:12','235','V'),(393,4,'2024-02-08 09:14:12','0','A'),(394,5,'2024-02-08 09:14:12','0','W'),(395,5,'2024-02-08 09:14:12','234','V'),(396,5,'2024-02-08 09:14:13','0','A'),(397,4,'2024-02-08 09:15:03','25','W'),(398,4,'2024-02-08 09:15:03','235','V'),(399,4,'2024-02-08 09:15:03','0','A'),(400,5,'2024-02-08 09:15:04','0','W'),(401,5,'2024-02-08 09:15:04','235','V'),(402,4,'2024-02-08 09:15:04','26','W'),(403,5,'2024-02-08 09:15:04','0','A'),(404,4,'2024-02-08 09:15:04','235','V'),(405,4,'2024-02-08 09:15:04','0','A'),(406,5,'2024-02-08 09:15:05','0','W'),(407,5,'2024-02-08 09:15:05','235','V'),(408,5,'2024-02-08 09:15:05','0','A'),(409,4,'2024-02-08 09:16:26','24','W'),(410,4,'2024-02-08 09:16:26','234','V'),(411,4,'2024-02-08 09:16:26','0','A'),(412,5,'2024-02-08 09:16:26','0','W'),(413,5,'2024-02-08 09:16:26','234','V'),(414,5,'2024-02-08 09:16:26','0','A'),(415,4,'2024-02-08 09:30:02','22','W'),(416,4,'2024-02-08 09:30:03','235','V'),(417,4,'2024-02-08 09:30:03','0','A'),(418,5,'2024-02-08 09:30:03','0','W'),(419,5,'2024-02-08 09:30:03','235','V'),(420,5,'2024-02-08 09:30:03','0','A'),(421,4,'2024-02-08 09:31:07','21','W'),(422,4,'2024-02-08 09:31:08','235','V'),(423,4,'2024-02-08 09:31:08','0','A'),(424,5,'2024-02-08 09:31:08','0','W'),(425,5,'2024-02-08 09:31:08','235','V'),(426,5,'2024-02-08 09:31:08','0','A'),(427,4,'2024-02-08 09:32:40','0','W'),(428,4,'2024-02-08 09:32:40','234','V'),(429,4,'2024-02-08 09:32:40','0','A'),(430,5,'2024-02-08 09:32:41','0','W'),(431,5,'2024-02-08 09:32:41','234','V'),(432,5,'2024-02-08 09:32:41','0','A'),(433,4,'2024-02-08 09:33:49','21','W'),(434,4,'2024-02-08 09:33:50','234','V'),(435,4,'2024-02-08 09:33:50','0','A'),(436,5,'2024-02-08 09:33:50','0','W'),(437,5,'2024-02-08 09:33:50','234','V'),(438,5,'2024-02-08 09:33:50','0','A'),(439,4,'2024-02-08 09:39:37','0','W'),(440,4,'2024-02-08 09:39:37','235','V'),(441,4,'2024-02-08 09:39:38','0','A'),(442,5,'2024-02-08 09:39:38','0','W'),(443,5,'2024-02-08 09:39:38','234','V'),(444,5,'2024-02-08 09:39:38','0','A'),(445,4,'2024-02-08 09:44:29','0','W'),(446,4,'2024-02-08 09:44:29','234','V'),(447,4,'2024-02-08 09:44:29','0','A'),(448,5,'2024-02-08 09:44:29','0','W'),(449,5,'2024-02-08 09:44:29','234','V'),(450,5,'2024-02-08 09:44:29','0','A'),(451,4,'2024-02-08 09:45:01','0','W'),(452,4,'2024-02-08 09:45:01','234','V'),(453,4,'2024-02-08 09:45:01','0','A'),(454,5,'2024-02-08 09:45:02','0','W'),(455,5,'2024-02-08 09:45:02','235','V'),(456,5,'2024-02-08 09:45:02','0','A'),(457,4,'2024-02-08 09:45:08','24','W'),(458,4,'2024-02-08 09:45:08','234','V'),(459,4,'2024-02-08 09:45:08','0','A'),(460,5,'2024-02-08 09:45:08','0','W'),(461,5,'2024-02-08 09:45:08','234','V'),(462,5,'2024-02-08 09:45:08','0','A'),(463,4,'2024-02-08 09:46:02','22','W'),(464,4,'2024-02-08 09:46:02','234','V'),(465,4,'2024-02-08 09:46:02','0','A'),(466,5,'2024-02-08 09:46:03','0','W'),(467,5,'2024-02-08 09:46:03','234','V'),(468,5,'2024-02-08 09:46:03','0','A'),(469,4,'2024-02-08 09:47:38','20','W'),(470,4,'2024-02-08 09:47:39','234','V'),(471,4,'2024-02-08 09:47:39','0','A'),(472,5,'2024-02-08 09:47:39','0','W'),(473,5,'2024-02-08 09:47:39','234','V'),(474,5,'2024-02-08 09:47:39','0','A'),(475,4,'2024-02-13 09:17:59','0','W'),(476,4,'2024-02-13 09:17:59','235','V'),(477,4,'2024-02-13 09:17:59','0','A'),(478,5,'2024-02-13 09:17:59','0','W'),(479,5,'2024-02-13 09:17:59','235','V'),(480,5,'2024-02-13 09:17:59','0','A'),(481,3,'2024-02-13 09:18:04','0','W'),(482,3,'2024-02-13 09:18:04','235','V'),(483,3,'2024-02-13 09:18:04','0','A'),(484,4,'2024-02-13 09:22:53','0','W'),(485,4,'2024-02-13 09:22:53','235','V'),(486,4,'2024-02-13 09:22:53','0','A'),(487,5,'2024-02-13 09:22:54','0','W'),(488,5,'2024-02-13 09:22:54','235','V'),(489,5,'2024-02-13 09:22:54','0','A'),(490,3,'2024-02-13 09:22:58','0','W'),(491,3,'2024-02-13 09:22:58','235','V'),(492,3,'2024-02-13 09:22:58','0','A'),(493,4,'2024-02-13 09:30:05','0','W'),(494,4,'2024-02-13 09:30:05','235','V'),(495,4,'2024-02-13 09:30:05','0','A'),(496,5,'2024-02-13 09:30:05','0','W'),(497,5,'2024-02-13 09:30:05','235','V'),(498,5,'2024-02-13 09:30:05','0','A'),(499,3,'2024-02-13 09:30:10','0','W'),(500,3,'2024-02-13 09:30:10','235','V'),(501,3,'2024-02-13 09:30:10','0','A'),(502,4,'2024-02-13 09:30:40','0','W'),(503,4,'2024-02-13 09:30:40','235','V'),(504,4,'2024-02-13 09:30:40','0','A'),(505,5,'2024-02-13 09:30:41','0','W'),(506,5,'2024-02-13 09:30:41','235','V'),(507,5,'2024-02-13 09:30:41','0','A'),(508,3,'2024-02-13 09:30:45','0','W'),(509,3,'2024-02-13 09:30:45','235','V'),(510,3,'2024-02-13 09:30:45','0','A'),(511,4,'2024-02-13 09:31:14','0','W'),(512,4,'2024-02-13 09:31:14','235','V'),(513,4,'2024-02-13 09:31:14','0','A'),(514,5,'2024-02-13 09:31:14','0','W'),(515,5,'2024-02-13 09:31:14','235','V'),(516,5,'2024-02-13 09:31:14','0','A'),(517,3,'2024-02-13 09:31:18','0','W'),(518,3,'2024-02-13 09:31:18','235','V'),(519,3,'2024-02-13 09:31:18','0','A'),(520,4,'2024-02-13 09:35:01','0','W'),(521,4,'2024-02-13 09:35:01','235','V'),(522,4,'2024-02-13 09:35:01','0','A'),(523,5,'2024-02-13 09:35:01','0','W'),(524,5,'2024-02-13 09:35:01','235','V'),(525,5,'2024-02-13 09:35:01','0','A'),(526,7,'2024-02-13 09:35:01','90','W\''),(527,7,'2024-02-13 09:35:01','90','W\''),(528,3,'2024-02-13 09:35:05','0','W'),(529,3,'2024-02-13 09:35:05','235','V'),(530,3,'2024-02-13 09:35:05','0','A'),(531,4,'2024-02-13 09:45:05','0','W'),(532,4,'2024-02-13 09:45:05','236','V'),(533,4,'2024-02-13 09:45:05','0','A'),(534,5,'2024-02-13 09:45:05','0','W'),(535,5,'2024-02-13 09:45:05','236','V'),(536,5,'2024-02-13 09:45:05','0','A'),(537,7,'2024-02-13 09:45:05','25','W\''),(538,7,'2024-02-13 09:45:05','25','W\''),(539,3,'2024-02-13 09:45:10','0','W'),(540,3,'2024-02-13 09:45:10','235','V'),(541,3,'2024-02-13 09:45:10','0','A'),(542,4,'2024-02-13 09:49:11','0','W'),(543,4,'2024-02-13 09:49:11','236','V'),(544,4,'2024-02-13 09:49:11','0','A'),(545,5,'2024-02-13 09:49:11','0','W'),(546,5,'2024-02-13 09:49:11','236','V'),(547,5,'2024-02-13 09:49:11','0','A'),(548,7,'2024-02-13 09:49:11','52','W'),(549,7,'2024-02-13 09:49:11','52','W'),(550,7,'2024-02-13 09:49:11','52','W'),(551,3,'2024-02-13 09:49:15','0','W'),(552,3,'2024-02-13 09:49:15','235','V'),(553,3,'2024-02-13 09:49:15','0','A'),(554,4,'2024-02-13 10:00:06','0','W'),(555,4,'2024-02-13 10:00:06','236','V'),(556,4,'2024-02-13 10:00:06','0','A'),(557,5,'2024-02-13 10:00:06','0','W'),(558,5,'2024-02-13 10:00:06','235','V'),(559,5,'2024-02-13 10:00:06','0','A'),(560,7,'2024-02-13 10:00:07','29','W'),(561,7,'2024-02-13 10:00:07','29','W'),(562,7,'2024-02-13 10:00:07','29','W\''),(563,3,'2024-02-13 10:00:16','0','W'),(564,3,'2024-02-13 10:00:16','235','V'),(565,3,'2024-02-13 10:00:16','0','A'),(566,4,'2024-02-13 10:15:06','0','W'),(567,4,'2024-02-13 10:15:06','236','V'),(568,4,'2024-02-13 10:15:06','0','A'),(569,5,'2024-02-13 10:15:06','0','W'),(570,5,'2024-02-13 10:15:06','236','V'),(571,5,'2024-02-13 10:15:06','0','A'),(572,7,'2024-02-13 10:15:06','53','W'),(573,7,'2024-02-13 10:15:06','53','W'),(574,7,'2024-02-13 10:15:06','53','W\''),(575,3,'2024-02-13 10:15:10','0','W'),(576,3,'2024-02-13 10:15:10','235','V'),(577,3,'2024-02-13 10:15:10','0','A'),(578,4,'2024-02-13 10:30:05','0','W'),(579,4,'2024-02-13 10:30:05','236','V'),(580,4,'2024-02-13 10:30:05','0','A'),(581,5,'2024-02-13 10:30:06','0','W'),(582,5,'2024-02-13 10:30:06','236','V'),(583,5,'2024-02-13 10:30:06','0','A'),(584,7,'2024-02-13 10:30:06','56','W'),(585,7,'2024-02-13 10:30:06','56','W'),(586,7,'2024-02-13 10:30:06','56','W\''),(587,3,'2024-02-13 10:30:10','0','W'),(588,3,'2024-02-13 10:30:10','235','V'),(589,3,'2024-02-13 10:30:10','0','A'),(590,4,'2024-02-13 10:32:09','0','W'),(591,4,'2024-02-13 10:32:09','236','V'),(592,4,'2024-02-13 10:32:09','0','A'),(593,5,'2024-02-13 10:32:10','0','W'),(594,5,'2024-02-13 10:32:10','236','V'),(595,5,'2024-02-13 10:32:10','0','A'),(596,7,'2024-02-13 10:32:10','30','W'),(597,7,'2024-02-13 10:32:10','30','W'),(598,7,'2024-02-13 10:32:10','30','W\''),(599,3,'2024-02-13 10:32:14','0','W'),(600,3,'2024-02-13 10:32:14','235','V'),(601,3,'2024-02-13 10:32:14','0','A'),(602,4,'2024-02-13 10:45:05','0','W'),(603,4,'2024-02-13 10:45:05','236','V'),(604,4,'2024-02-13 10:45:05','0','A'),(605,5,'2024-02-13 10:45:06','0','W'),(606,5,'2024-02-13 10:45:06','236','V'),(607,5,'2024-02-13 10:45:06','0','A'),(608,7,'2024-02-13 10:45:06','55','W'),(609,7,'2024-02-13 10:45:06','55','W\''),(610,7,'2024-02-13 10:45:06','55','W'),(611,3,'2024-02-13 10:45:10','0','W'),(612,3,'2024-02-13 10:45:10','235','V'),(613,3,'2024-02-13 10:45:10','0','A'),(614,4,'2024-02-12 11:00:07','0','W'),(615,4,'2024-02-12 11:00:07','236','V'),(616,4,'2024-02-12 11:00:07','0','A'),(617,5,'2024-02-12 11:00:07','0','W'),(618,5,'2024-02-12 11:00:07','236','V'),(619,5,'2024-02-13 11:00:07','0','A'),(620,7,'2024-02-13 11:00:07','13','W'),(621,7,'2024-02-13 11:00:07','13','W\''),(622,7,'2024-02-13 11:00:07','13','W'),(623,3,'2024-02-13 11:00:12','0','W'),(624,3,'2024-02-12 11:00:12','235','V'),(625,3,'2024-02-12 11:00:12','0','A'),(626,4,'2024-02-13 14:00:09','0','W'),(627,4,'2024-02-13 14:00:09','238','V'),(628,4,'2024-02-13 14:00:09','0','A'),(629,5,'2024-02-13 14:00:09','0','W'),(630,5,'2024-02-13 14:00:09','238','V'),(631,5,'2024-02-13 14:00:09','0','A'),(632,7,'2024-02-13 14:00:10','30','W'),(633,7,'2024-02-13 14:00:10','30','W'),(634,7,'2024-02-13 14:00:10','30','W\''),(635,3,'2024-02-13 14:00:18','0','W'),(636,3,'2024-02-13 14:00:18','235','V'),(637,3,'2024-02-13 14:00:18','0','A'),(638,4,'2024-02-13 14:15:06','0','W'),(639,4,'2024-02-13 14:15:06','236','V'),(640,4,'2024-02-13 14:15:06','0','A'),(641,5,'2024-02-13 14:15:07','0','W'),(642,5,'2024-02-13 14:15:07','236','V'),(643,5,'2024-02-13 14:15:07','0','A'),(644,7,'2024-02-13 14:15:07','84','W'),(645,7,'2024-02-13 14:15:07','84','W'),(646,7,'2024-02-13 14:15:07','84','W\''),(647,3,'2024-02-13 14:15:12','0','W'),(648,3,'2024-02-13 14:15:12','235','V'),(649,3,'2024-02-13 14:15:12','0','A'),(650,4,'2024-02-13 14:30:07','0','W'),(651,4,'2024-02-13 14:30:07','236','V'),(652,4,'2024-02-13 14:30:07','0','A'),(653,5,'2024-02-13 14:30:08','0','W'),(654,5,'2024-02-13 14:30:08','236','V'),(655,5,'2024-02-13 14:30:08','0','A'),(656,3,'2024-02-13 14:30:13','0','W'),(657,3,'2024-02-13 14:30:13','235','V'),(658,3,'2024-02-13 14:30:13','0','A'),(659,4,'2024-02-13 14:45:06','0','W'),(660,4,'2024-02-13 14:45:06','236','V'),(661,4,'2024-02-13 14:45:06','0','A'),(662,5,'2024-02-13 14:45:06','0','W'),(663,5,'2024-02-13 14:45:06','236','V'),(664,5,'2024-02-13 14:45:06','0','A'),(665,3,'2024-02-13 14:45:11','26','W'),(666,3,'2024-02-13 14:45:11','235','V'),(667,3,'2024-02-13 14:45:11','0','A'),(668,4,'2024-02-13 15:00:08','0','W'),(669,4,'2024-02-13 15:00:08','237','V'),(670,4,'2024-02-13 15:00:08','0','A'),(671,5,'2024-02-13 15:00:08','0','W'),(672,5,'2024-02-13 15:00:08','237','V'),(673,5,'2024-02-13 15:00:08','0','A'),(674,3,'2024-02-13 15:00:13','0','W'),(675,3,'2024-02-13 15:00:13','235','V'),(676,3,'2024-02-13 15:00:13','0','A'),(677,4,'2024-02-13 15:15:06','0','W'),(678,4,'2024-02-13 15:15:06','237','V'),(679,4,'2024-02-13 15:15:06','0','A'),(680,5,'2024-02-13 15:15:06','0','W'),(681,5,'2024-02-13 15:15:06','237','V'),(682,5,'2024-02-13 15:15:06','0','A'),(683,3,'2024-02-13 15:15:11','0','W'),(684,3,'2024-02-13 15:15:11','235','V'),(685,3,'2024-02-13 15:15:11','0','A'),(686,4,'2024-02-13 15:30:07','0','W'),(687,4,'2024-02-13 15:30:07','237','V'),(688,4,'2024-02-13 15:30:07','0','A'),(689,5,'2024-02-13 15:30:08','0','W'),(690,5,'2024-02-13 15:30:08','237','V'),(691,5,'2024-02-13 15:30:08','0','A'),(692,3,'2024-02-13 15:30:13','0','W'),(693,3,'2024-02-13 15:30:13','235','V'),(694,3,'2024-02-13 15:30:13','0','A'),(695,4,'2024-02-14 09:15:06','0','W'),(696,4,'2024-02-14 09:15:06','234','V'),(697,4,'2024-02-14 09:15:06','0','A'),(698,5,'2024-02-14 09:15:06','0','W'),(699,5,'2024-02-14 09:15:06','234','V'),(700,5,'2024-02-14 09:15:06','0','A'),(701,3,'2024-02-14 09:15:11','0','W'),(702,3,'2024-02-14 09:15:11','0','V'),(703,3,'2024-02-14 09:15:11','0','A'),(704,4,'2024-02-14 09:27:49','0','W'),(705,4,'2024-02-14 09:27:49','235','V'),(706,4,'2024-02-14 09:27:49','0','A'),(707,5,'2024-02-14 09:27:49','0','W'),(708,5,'2024-02-14 09:27:49','235','V'),(709,5,'2024-02-14 09:27:49','0','A'),(710,3,'2024-02-14 09:27:55','0','W'),(711,3,'2024-02-14 09:27:55','0','V'),(712,3,'2024-02-14 09:27:55','0','A'),(713,4,'2024-02-14 09:30:06','0','W'),(714,4,'2024-02-14 09:30:06','234','V'),(715,4,'2024-02-14 09:30:06','0','A'),(716,5,'2024-02-14 09:30:06','0','W'),(717,5,'2024-02-14 09:30:06','234','V'),(718,5,'2024-02-14 09:30:06','0','A'),(719,3,'2024-02-14 09:30:12','0','W'),(720,3,'2024-02-14 09:30:12','0','V'),(721,3,'2024-02-14 09:30:12','0','A'),(722,4,'2024-02-14 09:35:43','0','W'),(723,4,'2024-02-14 09:35:43','234','V'),(724,4,'2024-02-14 09:35:43','0','A'),(725,5,'2024-02-14 09:35:44','0','W'),(726,5,'2024-02-14 09:35:44','234','V'),(727,5,'2024-02-14 09:35:44','0','A'),(728,3,'2024-02-14 09:35:49','0','W'),(729,3,'2024-02-14 09:35:49','0','V'),(730,3,'2024-02-14 09:35:49','0','A'),(731,4,'2024-02-14 09:38:48','0','W'),(732,4,'2024-02-14 09:38:48','234','V'),(733,4,'2024-02-14 09:38:48','0','A'),(734,5,'2024-02-14 09:38:48','0','W'),(735,5,'2024-02-14 09:38:48','234','V'),(736,5,'2024-02-14 09:38:48','0','A'),(737,3,'2024-02-14 09:38:53','0','W'),(738,3,'2024-02-14 09:38:53','0','V'),(739,3,'2024-02-14 09:38:53','0','A'),(740,4,'2024-02-14 09:40:59','0','W'),(741,4,'2024-02-14 09:40:59','234','V'),(742,4,'2024-02-14 09:40:59','0','A'),(743,5,'2024-02-14 09:40:59','0','W'),(744,5,'2024-02-14 09:40:59','234','V'),(745,5,'2024-02-14 09:40:59','0','A'),(746,3,'2024-02-14 09:41:04','0','W'),(747,3,'2024-02-14 09:41:04','0','V'),(748,3,'2024-02-14 09:41:04','0','A'),(749,4,'2024-02-14 09:55:10','0','W'),(750,4,'2024-02-14 09:55:10','234','V'),(751,4,'2024-02-14 09:55:10','0','A'),(752,5,'2024-02-14 09:55:10','0','W'),(753,5,'2024-02-14 09:55:10','234','V'),(754,5,'2024-02-14 09:55:10','0','A'),(755,7,'2024-02-14 09:55:10','96','W'),(756,7,'2024-02-14 09:55:10','96','W'),(757,7,'2024-02-14 09:55:10','96','W'),(758,3,'2024-02-14 09:55:15','0','W'),(759,3,'2024-02-14 09:55:15','0','V'),(760,3,'2024-02-14 09:55:15','0','A'),(761,4,'2024-02-14 10:00:56','0','W'),(762,4,'2024-02-14 10:00:56','235','V'),(763,4,'2024-02-14 10:00:56','0','A'),(764,5,'2024-02-14 10:00:56','0','W'),(765,5,'2024-02-14 10:00:56','235','V'),(766,5,'2024-02-14 10:00:56','0','A'),(767,7,'2024-02-14 10:00:56','28','W'),(768,7,'2024-02-14 10:00:56','28','W'),(769,7,'2024-02-14 10:00:56','28','W'),(770,3,'2024-02-14 10:01:02','0','W'),(771,3,'2024-02-14 10:01:02','0','V'),(772,3,'2024-02-14 10:01:02','0','A'),(773,4,'2024-02-14 10:29:50','0','W'),(774,4,'2024-02-14 10:29:50','234','V'),(775,4,'2024-02-14 10:29:50','0','A'),(776,5,'2024-02-14 10:29:50','0','W'),(777,5,'2024-02-14 10:29:50','234','V'),(778,5,'2024-02-14 10:29:50','0','A'),(779,7,'2024-02-14 10:29:50','47','W'),(780,7,'2024-02-14 10:29:50','47','W'),(781,7,'2024-02-14 10:29:50','47','W'),(782,3,'2024-02-14 10:29:56','0','W'),(783,3,'2024-02-14 10:29:56','0','V'),(784,3,'2024-02-14 10:29:56','0','A'),(785,4,'2024-02-14 13:36:59','0','W'),(786,4,'2024-02-14 13:36:59','235','V'),(787,4,'2024-02-14 13:36:59','0','A'),(788,5,'2024-02-14 13:36:59','0','W'),(789,5,'2024-02-14 13:36:59','235','V'),(790,5,'2024-02-14 13:36:59','0','A'),(791,7,'2024-02-14 13:36:59','10','W'),(792,7,'2024-02-14 13:36:59','10','W'),(793,7,'2024-02-14 13:36:59','10','W'),(794,3,'2024-02-14 13:37:24','67','W'),(795,3,'2024-02-14 13:37:24','235','V'),(796,3,'2024-02-14 13:37:24','0','A'),(797,4,'2024-02-14 13:44:07','0','W'),(798,4,'2024-02-14 13:44:07','235','V'),(799,4,'2024-02-14 13:44:07','0','A'),(800,5,'2024-02-14 13:44:07','0','W'),(801,5,'2024-02-14 13:44:07','235','V'),(802,5,'2024-02-14 13:44:07','0','A'),(803,7,'2024-02-14 13:44:07','82','W'),(804,7,'2024-02-14 13:44:07','82','W'),(805,7,'2024-02-14 13:44:07','82','W\''),(806,3,'2024-02-14 13:44:12','60','W'),(807,3,'2024-02-14 13:44:12','233','V'),(808,3,'2024-02-14 13:44:12','0','A'),(809,4,'2024-02-14 13:45:05','0','W'),(810,4,'2024-02-14 13:45:05','236','V'),(811,4,'2024-02-14 13:45:05','0','A'),(812,4,'2024-02-14 13:45:05','0','W'),(813,4,'2024-02-14 13:45:05','236','V'),(814,4,'2024-02-14 13:45:05','0','A'),(815,5,'2024-02-14 13:45:05','0','W'),(816,5,'2024-02-14 13:45:05','235','V'),(817,5,'2024-02-14 13:45:05','0','A'),(818,7,'2024-02-14 13:45:05','57','W'),(819,7,'2024-02-14 13:45:05','57','W'),(820,7,'2024-02-14 13:45:05','57','W\''),(821,7,'2024-02-14 13:45:05','57','W'),(822,5,'2024-02-14 13:45:06','0','W'),(823,5,'2024-02-14 13:45:06','235','V'),(824,5,'2024-02-14 13:45:06','0','A'),(825,7,'2024-02-14 13:45:06','46','W'),(826,7,'2024-02-14 13:45:06','46','W'),(827,7,'2024-02-14 13:45:06','46','W'),(828,7,'2024-02-14 13:45:06','46','W\''),(829,7,'2024-02-14 13:45:06','46','W'),(830,3,'2024-02-14 13:45:10','74','W'),(831,3,'2024-02-14 13:45:10','233','V'),(832,3,'2024-02-14 13:45:10','0','A'),(833,3,'2024-02-14 13:45:10','79','W'),(834,3,'2024-02-14 13:45:10','233','V'),(835,3,'2024-02-14 13:45:10','0','A'),(836,7,'2024-02-14 14:00:25','65','W'),(837,7,'2024-02-14 14:00:25','65','W\''),(838,7,'2024-02-14 14:00:25','65','W'),(839,7,'2024-02-14 14:00:25','65','W'),(840,7,'2024-02-14 14:00:28','55','W'),(841,7,'2024-02-14 14:00:28','55','W\''),(842,7,'2024-02-14 14:00:28','55','W'),(843,7,'2024-02-14 14:00:28','55','W'),(844,7,'2024-02-14 14:00:28','55','W'),(845,3,'2024-02-14 14:00:33','60','W'),(846,3,'2024-02-14 14:00:33','233','V'),(847,3,'2024-02-14 14:00:33','0','A'),(848,3,'2024-02-14 14:00:36','56','W'),(849,3,'2024-02-14 14:00:36','233','V'),(850,3,'2024-02-14 14:00:36','0','A'),(851,4,'2024-02-14 14:15:06','0','W'),(852,4,'2024-02-14 14:15:06','0','W'),(853,4,'2024-02-14 14:15:06','236','V'),(854,4,'2024-02-14 14:15:06','236','V'),(855,4,'2024-02-14 14:15:06','0','A'),(856,4,'2024-02-14 14:15:06','0','A'),(857,5,'2024-02-14 14:15:06','0','W'),(858,5,'2024-02-14 14:15:06','236','V'),(859,5,'2024-02-14 14:15:06','0','W'),(860,5,'2024-02-14 14:15:06','0','A'),(861,5,'2024-02-14 14:15:06','236','V'),(862,5,'2024-02-14 14:15:06','0','A'),(863,7,'2024-02-14 14:15:06','85','W'),(864,7,'2024-02-14 14:15:06','85','W'),(865,7,'2024-02-14 14:15:06','85','W'),(866,7,'2024-02-14 14:15:06','85','W'),(867,7,'2024-02-14 14:15:06','85','W\''),(868,7,'2024-02-14 14:15:06','30','W'),(869,7,'2024-02-14 14:15:06','30','W'),(870,7,'2024-02-14 14:15:06','30','W'),(871,7,'2024-02-14 14:15:06','30','W'),(872,7,'2024-02-14 14:15:06','30','W\''),(873,3,'2024-02-14 14:15:11','60','W'),(874,3,'2024-02-14 14:15:11','235','V'),(875,3,'2024-02-14 14:15:11','0','A'),(876,3,'2024-02-14 14:15:11','60','W'),(877,3,'2024-02-14 14:15:11','235','V'),(878,3,'2024-02-14 14:15:11','0','A'),(879,7,'2024-02-14 14:30:27','0','W'),(880,7,'2024-02-14 14:30:27','0','W'),(881,3,'2024-02-14 14:30:31','47','W'),(882,3,'2024-02-14 14:30:31','233','V'),(883,3,'2024-02-14 14:30:31','0','A'),(884,3,'2024-02-14 14:45:16','53','W'),(885,3,'2024-02-14 14:45:16','235','V'),(886,3,'2024-02-14 14:45:16','0','A'),(887,3,'2024-02-14 14:45:16','53','W'),(888,3,'2024-02-14 14:45:16','235','V'),(889,3,'2024-02-14 14:45:16','0','A'),(890,7,'2024-02-14 15:00:13','0','W'),(891,7,'2024-02-14 15:00:13','0','W'),(892,7,'2024-02-14 15:00:13','0','W'),(893,7,'2024-02-14 15:00:13','0','W'),(894,7,'2024-02-14 15:00:13','0','W\''),(895,7,'2024-02-14 15:00:13','0','W'),(896,7,'2024-02-14 15:00:13','0','W'),(897,7,'2024-02-14 15:00:13','0','W'),(898,7,'2024-02-14 15:00:13','0','W\''),(899,7,'2024-02-14 15:00:13','0','W'),(900,3,'2024-02-14 15:00:18','54','W'),(901,3,'2024-02-14 15:00:18','235','V'),(902,3,'2024-02-14 15:00:18','0','A'),(903,3,'2024-02-14 15:00:18','54','W'),(904,3,'2024-02-14 15:00:18','235','V'),(905,3,'2024-02-14 15:00:18','0','A'),(906,7,'2024-02-14 15:15:11','0','W'),(907,7,'2024-02-14 15:15:11','0','W'),(908,7,'2024-02-14 15:15:11','0','W\''),(909,3,'2024-02-14 15:15:16','60','W'),(910,3,'2024-02-14 15:15:16','235','V'),(911,3,'2024-02-14 15:15:16','0','A'),(912,3,'2024-02-15 09:00:16','55','W'),(913,3,'2024-02-15 09:00:16','235','V'),(914,3,'2024-02-15 09:00:16','0','A'),(915,3,'2024-02-15 09:00:16','55','W'),(916,3,'2024-02-15 09:00:16','235','V'),(917,3,'2024-02-15 09:00:16','0','A'),(918,9,'2024-02-15 09:14:12','1','W'),(919,3,'2024-02-15 09:15:15','59','W'),(920,3,'2024-02-15 09:15:15','235','V'),(921,3,'2024-02-15 09:15:15','0','A'),(922,3,'2024-02-15 09:15:15','59','W'),(923,3,'2024-02-15 09:15:15','235','V'),(924,3,'2024-02-15 09:15:15','0','A'),(925,9,'2024-02-15 09:15:24','1','W'),(926,3,'2024-02-15 09:28:15','51','W'),(927,3,'2024-02-15 09:28:15','235','V'),(928,3,'2024-02-15 09:28:15','0','A'),(929,3,'2024-02-15 09:29:53','1','W'),(930,3,'2024-02-15 09:29:53','235','V'),(931,3,'2024-02-15 09:29:53','0','A'),(932,3,'2024-02-15 09:30:18','1','W'),(933,3,'2024-02-15 09:30:18','235','V'),(934,3,'2024-02-15 09:30:18','0','A'),(935,3,'2024-02-15 09:30:18','1','W'),(936,3,'2024-02-15 09:30:18','235','V'),(937,3,'2024-02-15 09:30:18','0','A'),(938,4,'2024-02-15 09:31:46','0','W'),(939,4,'2024-02-15 09:31:46','236','V'),(940,4,'2024-02-15 09:31:46','0','A'),(941,5,'2024-02-15 09:31:48','50','W'),(942,5,'2024-02-15 09:31:48','236','V'),(943,5,'2024-02-15 09:31:48','0','A'),(944,3,'2024-02-15 09:32:00','1','W'),(945,3,'2024-02-15 09:32:00','235','V'),(946,3,'2024-02-15 09:32:00','0','A'),(947,9,'2024-02-15 09:44:23','17','W'),(948,9,'2024-02-15 09:44:34','17','W'),(949,9,'2024-02-15 09:44:45','17','W'),(950,9,'2024-02-15 09:44:56','17','W'),(951,4,'2024-02-15 09:45:05','0','W'),(952,4,'2024-02-15 09:45:05','236','V'),(953,4,'2024-02-15 09:45:05','0','A'),(954,5,'2024-02-15 09:45:06','0','W'),(955,5,'2024-02-15 09:45:06','236','V'),(956,5,'2024-02-15 09:45:06','0','A'),(957,9,'2024-02-15 09:45:07','17','W'),(958,3,'2024-02-15 09:45:11','1','W'),(959,3,'2024-02-15 09:45:11','235','V'),(960,3,'2024-02-15 09:45:11','0','A'),(961,9,'2024-02-15 09:45:18','17','W'),(962,9,'2024-02-15 09:45:30','17','W'),(963,9,'2024-02-15 09:45:41','17','W'),(964,9,'2024-02-15 09:45:52','17','W'),(965,9,'2024-02-15 09:46:03','17','W'),(966,9,'2024-02-15 09:46:14','17','W'),(967,9,'2024-02-15 09:46:25','17','W'),(968,9,'2024-02-15 09:46:37','17','W'),(969,9,'2024-02-15 09:46:48','17','W'),(970,4,'2024-02-15 10:01:08','0','W'),(971,4,'2024-02-15 10:01:08','236','V'),(972,4,'2024-02-15 10:01:08','0','A'),(973,5,'2024-02-15 10:01:08','79','W'),(974,5,'2024-02-15 10:01:08','236','V'),(975,5,'2024-02-15 10:01:08','0','A'),(976,3,'2024-02-15 10:03:09','1','W'),(977,3,'2024-02-15 10:03:09','235','V'),(978,3,'2024-02-15 10:03:09','0','A'),(979,9,'2024-02-15 10:11:25','1','W'),(980,10,'2024-02-15 10:11:25','1','W'),(981,9,'2024-02-15 10:11:25','7','W'),(982,10,'2024-02-15 10:11:25','7','W'),(983,9,'2024-02-15 10:11:36','1','W'),(984,10,'2024-02-15 10:11:36','1','W'),(985,9,'2024-02-15 10:11:36','7','W'),(986,10,'2024-02-15 10:11:36','7','W'),(987,9,'2024-02-15 10:11:47','1','W'),(988,10,'2024-02-15 10:11:47','1','W'),(989,9,'2024-02-15 10:11:47','7','W'),(990,10,'2024-02-15 10:11:47','7','W'),(991,9,'2024-02-15 10:11:59','1','W'),(992,10,'2024-02-15 10:11:59','1','W'),(993,9,'2024-02-15 10:11:59','7','W'),(994,10,'2024-02-15 10:11:59','7','W'),(995,9,'2024-02-15 10:12:10','1','W'),(996,10,'2024-02-15 10:12:10','1','W'),(997,9,'2024-02-15 10:12:10','7','W'),(998,10,'2024-02-15 10:12:10','7','W'),(999,9,'2024-02-15 10:12:21','1','W'),(1000,10,'2024-02-15 10:12:21','1','W'),(1001,9,'2024-02-15 10:12:21','7','W'),(1002,10,'2024-02-15 10:12:21','7','W'),(1003,9,'2024-02-15 10:12:32','1','W'),(1004,10,'2024-02-15 10:12:32','1','W'),(1005,9,'2024-02-15 10:12:32','7','W'),(1006,10,'2024-02-15 10:12:32','7','W'),(1007,9,'2024-02-15 10:13:16','1','W'),(1008,10,'2024-02-15 10:13:16','1','W'),(1009,9,'2024-02-15 10:13:16','7','W'),(1010,10,'2024-02-15 10:13:16','7','W'),(1011,9,'2024-02-15 10:13:50','17','W'),(1012,10,'2024-02-15 10:13:50','17','W'),(1013,9,'2024-02-15 10:13:50','45','W'),(1014,10,'2024-02-15 10:13:50','45','W'),(1015,9,'2024-02-15 10:14:01','17','W'),(1016,10,'2024-02-15 10:14:01','17','W'),(1017,9,'2024-02-15 10:14:01','45','W'),(1018,10,'2024-02-15 10:14:01','45','W'),(1019,9,'2024-02-15 10:14:12','17','W'),(1020,10,'2024-02-15 10:14:12','17','W'),(1021,9,'2024-02-15 10:14:12','45','W'),(1022,10,'2024-02-15 10:14:12','45','W'),(1023,4,'2024-02-15 10:15:08','0','W'),(1024,4,'2024-02-15 10:15:08','237','V'),(1025,4,'2024-02-15 10:15:08','0','A'),(1026,5,'2024-02-15 10:15:09','0','W'),(1027,5,'2024-02-15 10:15:09','236','V'),(1028,5,'2024-02-15 10:15:09','0','A'),(1029,3,'2024-02-15 10:15:15','69','W'),(1030,3,'2024-02-15 10:15:15','235','V'),(1031,3,'2024-02-15 10:15:15','0','A'),(1032,9,'2024-02-15 10:16:19','17','W'),(1033,10,'2024-02-15 10:16:19','17','W'),(1034,9,'2024-02-15 10:16:19','45','W'),(1035,10,'2024-02-15 10:16:19','45','W'),(1036,9,'2024-02-15 10:16:31','17','W'),(1037,10,'2024-02-15 10:16:31','17','W'),(1038,9,'2024-02-15 10:16:31','45','W'),(1039,10,'2024-02-15 10:16:31','45','W'),(1040,9,'2024-02-15 10:16:42','17','W'),(1041,10,'2024-02-15 10:16:42','17','W'),(1042,9,'2024-02-15 10:16:42','45','W'),(1043,10,'2024-02-15 10:16:42','45','W'),(1044,9,'2024-02-15 10:16:53','17','W'),(1045,10,'2024-02-15 10:16:53','17','W'),(1046,9,'2024-02-15 10:16:53','45','W'),(1047,10,'2024-02-15 10:16:53','45','W'),(1048,9,'2024-02-15 10:17:04','17','W'),(1049,10,'2024-02-15 10:17:04','17','W'),(1050,9,'2024-02-15 10:17:04','45','W'),(1051,10,'2024-02-15 10:17:04','45','W'),(1052,9,'2024-02-15 10:17:15','17','W'),(1053,10,'2024-02-15 10:17:15','17','W'),(1054,9,'2024-02-15 10:17:15','45','W'),(1055,10,'2024-02-15 10:17:15','45','W'),(1056,9,'2024-02-15 10:17:26','17','W'),(1057,10,'2024-02-15 10:17:26','17','W'),(1058,9,'2024-02-15 10:17:26','45','W'),(1059,10,'2024-02-15 10:17:26','45','W'),(1060,9,'2024-02-15 10:17:37','17','W'),(1061,10,'2024-02-15 10:17:37','17','W'),(1062,9,'2024-02-15 10:17:37','45','W'),(1063,10,'2024-02-15 10:17:37','45','W'),(1064,9,'2024-02-15 10:18:22','17','W'),(1065,10,'2024-02-15 10:18:22','17','W'),(1066,9,'2024-02-15 10:18:22','45','W'),(1067,10,'2024-02-15 10:18:22','45','W'),(1068,9,'2024-02-15 10:18:33','17','W'),(1069,10,'2024-02-15 10:18:33','17','W'),(1070,9,'2024-02-15 10:18:33','45','W'),(1071,10,'2024-02-15 10:18:33','45','W'),(1072,9,'2024-02-15 10:18:49','17','W'),(1073,10,'2024-02-15 10:18:49','17','W'),(1074,9,'2024-02-15 10:18:49','45','W'),(1075,10,'2024-02-15 10:18:49','45','W'),(1076,9,'2024-02-15 10:19:01','17','W'),(1077,10,'2024-02-15 10:19:01','17','W'),(1078,9,'2024-02-15 10:19:01','45','W'),(1079,10,'2024-02-15 10:19:01','45','W'),(1080,9,'2024-02-15 10:19:12','17','W'),(1081,10,'2024-02-15 10:19:12','17','W'),(1082,9,'2024-02-15 10:19:12','45','W'),(1083,10,'2024-02-15 10:19:12','45','W'),(1084,9,'2024-02-15 10:19:23','17','W'),(1085,10,'2024-02-15 10:19:23','17','W'),(1086,9,'2024-02-15 10:19:23','45','W'),(1087,10,'2024-02-15 10:19:23','45','W'),(1088,9,'2024-02-15 10:19:34','17','W'),(1089,10,'2024-02-15 10:19:34','17','W'),(1090,9,'2024-02-15 10:19:34','45','W'),(1091,10,'2024-02-15 10:19:34','45','W'),(1092,9,'2024-02-15 10:19:45','17','W'),(1093,10,'2024-02-15 10:19:45','17','W'),(1094,9,'2024-02-15 10:19:45','45','W'),(1095,10,'2024-02-15 10:19:45','45','W'),(1096,9,'2024-02-15 10:19:56','17','W'),(1097,10,'2024-02-15 10:19:56','17','W'),(1098,9,'2024-02-15 10:19:56','45','W'),(1099,10,'2024-02-15 10:19:56','45','W'),(1100,9,'2024-02-15 10:20:07','17','W'),(1101,10,'2024-02-15 10:20:07','17','W'),(1102,9,'2024-02-15 10:20:07','45','W'),(1103,10,'2024-02-15 10:20:07','45','W'),(1104,9,'2024-02-15 10:20:18','17','W'),(1105,10,'2024-02-15 10:20:18','17','W'),(1106,9,'2024-02-15 10:20:18','45','W'),(1107,10,'2024-02-15 10:20:18','45','W'),(1108,9,'2024-02-15 10:20:29','17','W'),(1109,10,'2024-02-15 10:20:29','17','W'),(1110,9,'2024-02-15 10:20:29','45','W'),(1111,10,'2024-02-15 10:20:29','45','W'),(1112,9,'2024-02-15 10:20:40','17','W'),(1113,10,'2024-02-15 10:20:40','17','W'),(1114,9,'2024-02-15 10:20:40','45','W'),(1115,10,'2024-02-15 10:20:40','45','W'),(1116,9,'2024-02-15 10:20:52','17','W'),(1117,10,'2024-02-15 10:20:52','17','W'),(1118,9,'2024-02-15 10:20:52','45','W'),(1119,10,'2024-02-15 10:20:52','45','W'),(1120,9,'2024-02-15 10:21:03','17','W'),(1121,10,'2024-02-15 10:21:03','17','W'),(1122,9,'2024-02-15 10:21:03','45','W'),(1123,10,'2024-02-15 10:21:03','45','W'),(1124,9,'2024-02-15 10:21:14','17','W'),(1125,10,'2024-02-15 10:21:14','17','W'),(1126,9,'2024-02-15 10:21:14','45','W'),(1127,10,'2024-02-15 10:21:14','45','W'),(1128,9,'2024-02-15 10:21:25','17','W'),(1129,10,'2024-02-15 10:21:25','17','W'),(1130,9,'2024-02-15 10:21:25','45','W'),(1131,10,'2024-02-15 10:21:25','45','W'),(1132,9,'2024-02-15 10:21:36','17','W'),(1133,10,'2024-02-15 10:21:36','17','W'),(1134,9,'2024-02-15 10:21:36','45','W'),(1135,10,'2024-02-15 10:21:36','45','W'),(1136,9,'2024-02-15 10:21:47','17','W'),(1137,10,'2024-02-15 10:21:47','17','W'),(1138,9,'2024-02-15 10:21:47','45','W'),(1139,10,'2024-02-15 10:21:47','45','W'),(1140,9,'2024-02-15 10:21:58','17','W'),(1141,10,'2024-02-15 10:21:58','17','W'),(1142,9,'2024-02-15 10:21:58','45','W'),(1143,10,'2024-02-15 10:21:58','45','W'),(1144,9,'2024-02-15 10:22:09','17','W'),(1145,10,'2024-02-15 10:22:09','17','W'),(1146,9,'2024-02-15 10:22:09','45','W'),(1147,10,'2024-02-15 10:22:09','45','W'),(1148,9,'2024-02-15 10:22:26','17','W'),(1149,10,'2024-02-15 10:22:26','17','W'),(1150,9,'2024-02-15 10:22:26','45','W'),(1151,10,'2024-02-15 10:22:26','45','W'),(1152,9,'2024-02-15 10:22:37','17','W'),(1153,10,'2024-02-15 10:22:37','17','W'),(1154,9,'2024-02-15 10:22:37','45','W'),(1155,10,'2024-02-15 10:22:37','45','W'),(1156,9,'2024-02-15 10:22:48','17','W'),(1157,10,'2024-02-15 10:22:48','17','W'),(1158,9,'2024-02-15 10:22:48','45','W'),(1159,10,'2024-02-15 10:22:48','45','W'),(1160,9,'2024-02-15 10:22:59','17','W'),(1161,10,'2024-02-15 10:22:59','17','W'),(1162,9,'2024-02-15 10:22:59','45','W'),(1163,10,'2024-02-15 10:22:59','45','W'),(1164,9,'2024-02-15 10:23:10','17','W'),(1165,10,'2024-02-15 10:23:10','17','W'),(1166,9,'2024-02-15 10:23:11','45','W'),(1167,10,'2024-02-15 10:23:11','45','W'),(1168,9,'2024-02-15 10:23:44','17','W'),(1169,10,'2024-02-15 10:23:44','17','W'),(1170,9,'2024-02-15 10:23:44','45','W'),(1171,10,'2024-02-15 10:23:44','45','W'),(1172,9,'2024-02-15 10:25:50','17','W'),(1173,10,'2024-02-15 10:25:50','17','W'),(1174,9,'2024-02-15 10:25:50','45','W'),(1175,10,'2024-02-15 10:25:50','45','W'),(1176,9,'2024-02-15 10:27:56','17','W'),(1177,10,'2024-02-15 10:27:56','17','W'),(1178,9,'2024-02-15 10:27:56','45','W'),(1179,10,'2024-02-15 10:27:56','45','W'),(1180,4,'2024-02-15 10:30:12','0','W'),(1181,4,'2024-02-15 10:30:12','237','V'),(1182,4,'2024-02-15 10:30:12','0','A'),(1183,4,'2024-02-15 10:30:12','0','W'),(1184,4,'2024-02-15 10:30:12','237','V'),(1185,4,'2024-02-15 10:30:12','0','A'),(1186,5,'2024-02-15 10:30:13','0','W'),(1187,5,'2024-02-15 10:30:13','237','V'),(1188,5,'2024-02-15 10:30:13','0','A'),(1189,5,'2024-02-15 10:30:13','0','W'),(1190,5,'2024-02-15 10:30:13','237','V'),(1191,5,'2024-02-15 10:30:13','0','A'),(1192,3,'2024-02-15 10:30:22','0','W'),(1193,3,'2024-02-15 10:30:22','235','V'),(1194,3,'2024-02-15 10:30:22','0','A'),(1195,3,'2024-02-15 10:30:23','0','W'),(1196,3,'2024-02-15 10:30:23','235','V'),(1197,3,'2024-02-15 10:30:23','0','A'),(1198,4,'2024-02-15 10:56:09','0','W'),(1199,4,'2024-02-15 10:56:09','237','V'),(1200,4,'2024-02-15 10:56:09','0','A'),(1201,5,'2024-02-15 10:56:09','0','W'),(1202,5,'2024-02-15 10:56:09','237','V'),(1203,5,'2024-02-15 10:56:09','0','A'),(1204,3,'2024-02-15 10:56:16','0','W'),(1205,3,'2024-02-15 10:56:16','235','V'),(1206,3,'2024-02-15 10:56:16','0','A'),(1207,4,'2024-02-15 11:00:06','0','W'),(1208,4,'2024-02-15 11:00:06','238','V'),(1209,4,'2024-02-15 11:00:06','0','A'),(1210,5,'2024-02-15 11:00:07','0','W'),(1211,5,'2024-02-15 11:00:07','238','V'),(1212,5,'2024-02-15 11:00:07','0','A'),(1213,4,'2024-02-15 11:00:07','0','W'),(1214,4,'2024-02-15 11:00:07','238','V'),(1215,4,'2024-02-15 11:00:07','0','A'),(1216,5,'2024-02-15 11:00:07','0','W'),(1217,5,'2024-02-15 11:00:07','238','V'),(1218,5,'2024-02-15 11:00:07','0','A'),(1219,3,'2024-02-15 11:00:12','0','W'),(1220,3,'2024-02-15 11:00:12','235','V'),(1221,3,'2024-02-15 11:00:12','0','A'),(1222,3,'2024-02-15 11:00:13','0','W'),(1223,3,'2024-02-15 11:00:13','235','V'),(1224,3,'2024-02-15 11:00:13','0','A'),(1225,4,'2024-02-15 13:00:06','0','W'),(1226,4,'2024-02-15 13:00:06','236','V'),(1227,4,'2024-02-15 13:00:06','0','A'),(1228,5,'2024-02-15 13:00:06','0','W'),(1229,5,'2024-02-15 13:00:06','236','V'),(1230,5,'2024-02-15 13:00:06','0','A'),(1231,4,'2024-02-15 13:00:07','0','W'),(1232,4,'2024-02-15 13:00:07','236','V'),(1233,4,'2024-02-15 13:00:07','0','A'),(1234,5,'2024-02-15 13:00:07','0','W'),(1235,5,'2024-02-15 13:00:07','236','V'),(1236,5,'2024-02-15 13:00:07','0','A'),(1237,3,'2024-02-15 13:00:11','0','W'),(1238,3,'2024-02-15 13:00:11','235','V'),(1239,3,'2024-02-15 13:00:11','0','A'),(1240,3,'2024-02-15 13:00:12','0','W'),(1241,3,'2024-02-15 13:00:12','235','V'),(1242,3,'2024-02-15 13:00:12','0','A'),(1243,4,'2024-02-15 13:15:06','0','W'),(1244,4,'2024-02-15 13:15:06','0','W'),(1245,4,'2024-02-15 13:15:06','236','V'),(1246,4,'2024-02-15 13:15:06','236','V'),(1247,4,'2024-02-15 13:15:06','0','A'),(1248,4,'2024-02-15 13:15:06','0','A'),(1249,5,'2024-02-15 13:15:06','0','W'),(1250,5,'2024-02-15 13:15:06','236','V'),(1251,5,'2024-02-15 13:15:06','0','A'),(1252,5,'2024-02-15 13:15:06','0','W'),(1253,5,'2024-02-15 13:15:06','236','V'),(1254,5,'2024-02-15 13:15:06','0','A'),(1255,3,'2024-02-15 13:15:11','0','W'),(1256,3,'2024-02-15 13:15:11','235','V'),(1257,3,'2024-02-15 13:15:11','0','A'),(1258,3,'2024-02-15 13:15:12','0','W'),(1259,3,'2024-02-15 13:15:12','235','V'),(1260,3,'2024-02-15 13:15:12','0','A'),(1261,4,'2024-02-15 13:30:14','0','W'),(1262,4,'2024-02-15 13:30:14','237','V'),(1263,4,'2024-02-15 13:30:14','0','A'),(1264,4,'2024-02-15 13:30:14','0','W'),(1265,4,'2024-02-15 13:30:14','237','V'),(1266,4,'2024-02-15 13:30:14','0','A'),(1267,5,'2024-02-15 13:30:14','0','W'),(1268,5,'2024-02-15 13:30:14','0','W'),(1269,5,'2024-02-15 13:30:14','237','V'),(1270,5,'2024-02-15 13:30:14','237','V'),(1271,5,'2024-02-15 13:30:14','0','A'),(1272,5,'2024-02-15 13:30:14','0','A'),(1273,3,'2024-02-15 13:30:28','73','W'),(1274,3,'2024-02-15 13:30:28','235','V'),(1275,3,'2024-02-15 13:30:28','0','A'),(1276,3,'2024-02-15 13:30:28','73','W'),(1277,3,'2024-02-15 13:30:28','235','V'),(1278,3,'2024-02-15 13:30:28','0','A'),(1279,4,'2024-02-15 13:45:07','0','W'),(1280,4,'2024-02-15 13:45:07','0','W'),(1281,4,'2024-02-15 13:45:07','236','V'),(1282,4,'2024-02-15 13:45:07','236','V'),(1283,4,'2024-02-15 13:45:07','0','A'),(1284,4,'2024-02-15 13:45:07','0','A'),(1285,5,'2024-02-15 13:45:07','0','W'),(1286,5,'2024-02-15 13:45:07','0','W'),(1287,5,'2024-02-15 13:45:07','236','V'),(1288,5,'2024-02-15 13:45:07','236','V'),(1289,5,'2024-02-15 13:45:07','0','A'),(1290,5,'2024-02-15 13:45:07','0','A'),(1291,3,'2024-02-15 13:45:12','52','W'),(1292,3,'2024-02-15 13:45:12','235','V'),(1293,3,'2024-02-15 13:45:12','0','A'),(1294,3,'2024-02-15 13:45:12','52','W'),(1295,3,'2024-02-15 13:45:12','235','V'),(1296,3,'2024-02-15 13:45:12','0','A'),(1297,4,'2024-02-15 14:00:06','0','W'),(1298,4,'2024-02-15 14:00:06','237','V'),(1299,4,'2024-02-15 14:00:06','0','A'),(1300,5,'2024-02-15 14:00:06','0','W'),(1301,5,'2024-02-15 14:00:06','237','V'),(1302,5,'2024-02-15 14:00:06','0','A'),(1303,4,'2024-02-15 14:00:06','0','W'),(1304,4,'2024-02-15 14:00:06','237','V'),(1305,4,'2024-02-15 14:00:06','0','A'),(1306,5,'2024-02-15 14:00:06','0','W'),(1307,5,'2024-02-15 14:00:06','237','V'),(1308,5,'2024-02-15 14:00:06','0','A'),(1309,3,'2024-02-15 14:00:12','49','W'),(1310,3,'2024-02-15 14:00:12','237','V'),(1311,3,'2024-02-15 14:00:12','0','A'),(1312,3,'2024-02-15 14:00:12','49','W'),(1313,3,'2024-02-15 14:00:12','237','V'),(1314,3,'2024-02-15 14:00:12','0','A'),(1315,9,'2024-02-15 14:03:47','17','W'),(1316,10,'2024-02-15 14:03:47','17','W'),(1317,9,'2024-02-15 14:03:47','45','W'),(1318,10,'2024-02-15 14:03:47','45','W'),(1319,9,'2024-02-15 14:04:52','17','W'),(1320,10,'2024-02-15 14:04:52','17','W'),(1321,9,'2024-02-15 14:04:52','45','W'),(1322,10,'2024-02-15 14:04:52','45','W'),(1323,9,'2024-02-15 14:04:52','17','W'),(1324,10,'2024-02-15 14:04:52','17','W'),(1325,9,'2024-02-15 14:04:52','45','W'),(1326,10,'2024-02-15 14:04:52','45','W'),(1327,9,'2024-02-15 14:05:43','17','W'),(1328,10,'2024-02-15 14:05:43','17','W'),(1329,9,'2024-02-15 14:05:43','45','W'),(1330,10,'2024-02-15 14:05:43','45','W'),(1331,9,'2024-02-15 14:05:43','17','W'),(1332,10,'2024-02-15 14:05:43','17','W'),(1333,9,'2024-02-15 14:05:43','45','W'),(1334,10,'2024-02-15 14:05:43','45','W'),(1335,9,'2024-02-15 14:05:58','17','W'),(1336,10,'2024-02-15 14:05:58','17','W'),(1337,9,'2024-02-15 14:05:58','45','W'),(1338,10,'2024-02-15 14:05:58','45','W'),(1339,9,'2024-02-15 14:06:42','17','W'),(1340,10,'2024-02-15 14:06:42','17','W'),(1341,9,'2024-02-15 14:06:42','45','W'),(1342,10,'2024-02-15 14:06:42','45','W'),(1343,9,'2024-02-15 14:06:50','17','W'),(1344,10,'2024-02-15 14:06:50','17','W'),(1345,9,'2024-02-15 14:06:50','45','W'),(1346,10,'2024-02-15 14:06:50','45','W'),(1347,9,'2024-02-15 14:07:52','17','W'),(1348,10,'2024-02-15 14:07:52','17','W'),(1349,9,'2024-02-15 14:07:52','45','W'),(1350,10,'2024-02-15 14:07:52','45','W'),(1351,9,'2024-02-15 14:07:52','17','W'),(1352,10,'2024-02-15 14:07:52','17','W'),(1353,9,'2024-02-15 14:07:52','45','W'),(1354,10,'2024-02-15 14:07:52','45','W'),(1355,9,'2024-02-15 14:08:08','17','W'),(1356,10,'2024-02-15 14:08:08','17','W'),(1357,9,'2024-02-15 14:08:08','45','W'),(1358,10,'2024-02-15 14:08:08','45','W'),(1359,9,'2024-02-15 14:08:34','17','W'),(1360,10,'2024-02-15 14:08:34','17','W'),(1361,9,'2024-02-15 14:08:34','45','W'),(1362,10,'2024-02-15 14:08:34','45','W'),(1363,9,'2024-02-15 14:09:00','17','W'),(1364,10,'2024-02-15 14:09:00','17','W'),(1365,9,'2024-02-15 14:09:00','45','W'),(1366,10,'2024-02-15 14:09:00','45','W'),(1367,9,'2024-02-15 14:09:27','17','W'),(1368,10,'2024-02-15 14:09:27','17','W'),(1369,9,'2024-02-15 14:09:27','45','W'),(1370,10,'2024-02-15 14:09:27','45','W'),(1371,9,'2024-02-15 14:09:53','17','W'),(1372,10,'2024-02-15 14:09:53','17','W'),(1373,9,'2024-02-15 14:09:53','45','W'),(1374,10,'2024-02-15 14:09:53','45','W'),(1375,9,'2024-02-15 14:10:19','17','W'),(1376,10,'2024-02-15 14:10:19','17','W'),(1377,9,'2024-02-15 14:10:19','45','W'),(1378,10,'2024-02-15 14:10:19','45','W'),(1379,9,'2024-02-15 14:11:33','12','W'),(1380,10,'2024-02-15 14:11:33','12','W'),(1381,9,'2024-02-15 14:11:33','34','W'),(1382,10,'2024-02-15 14:11:33','34','W'),(1383,9,'2024-02-15 14:11:59','12','W'),(1384,10,'2024-02-15 14:11:59','12','W'),(1385,9,'2024-02-15 14:11:59','34','W'),(1386,10,'2024-02-15 14:11:59','34','W'),(1387,9,'2024-02-15 14:12:25','12','W'),(1388,10,'2024-02-15 14:12:25','12','W'),(1389,9,'2024-02-15 14:12:25','34','W'),(1390,10,'2024-02-15 14:12:25','34','W'),(1391,9,'2024-02-15 14:12:51','12','W'),(1392,10,'2024-02-15 14:12:51','12','W'),(1393,9,'2024-02-15 14:12:51','34','W'),(1394,10,'2024-02-15 14:12:51','34','W'),(1395,9,'2024-02-15 14:13:19','12','W'),(1396,10,'2024-02-15 14:13:19','12','W'),(1397,9,'2024-02-15 14:13:19','34','W'),(1398,10,'2024-02-15 14:13:19','34','W'),(1399,9,'2024-02-15 14:15:00','56','W'),(1400,10,'2024-02-15 14:15:00','56','W'),(1401,9,'2024-02-15 14:15:00','78','W'),(1402,10,'2024-02-15 14:15:00','78','W'),(1403,4,'2024-02-15 14:15:06','0','W'),(1404,4,'2024-02-15 14:15:06','0','W'),(1405,4,'2024-02-15 14:15:06','237','V'),(1406,4,'2024-02-15 14:15:06','237','V'),(1407,4,'2024-02-15 14:15:06','0','A'),(1408,4,'2024-02-15 14:15:06','0','A'),(1409,5,'2024-02-15 14:15:06','0','W'),(1410,5,'2024-02-15 14:15:06','0','W'),(1411,5,'2024-02-15 14:15:06','237','V'),(1412,5,'2024-02-15 14:15:06','237','V'),(1413,5,'2024-02-15 14:15:06','0','A'),(1414,5,'2024-02-15 14:15:06','0','A'),(1415,3,'2024-02-15 14:15:11','50','W'),(1416,3,'2024-02-15 14:15:11','235','V'),(1417,3,'2024-02-15 14:15:11','0','A'),(1418,3,'2024-02-15 14:15:11','50','W'),(1419,3,'2024-02-15 14:15:11','235','V'),(1420,3,'2024-02-15 14:15:11','0','A'),(1421,9,'2024-02-15 14:15:26','56','W'),(1422,10,'2024-02-15 14:15:26','56','W'),(1423,9,'2024-02-15 14:15:26','78','W'),(1424,10,'2024-02-15 14:15:26','78','W'),(1425,9,'2024-02-15 14:16:38','90','W'),(1426,10,'2024-02-15 14:16:38','90','W'),(1427,9,'2024-02-15 14:16:38','0','W'),(1428,10,'2024-02-15 14:16:38','0','W'),(1429,9,'2024-02-15 14:17:05','90','W'),(1430,10,'2024-02-15 14:17:05','90','W'),(1431,9,'2024-02-15 14:17:05','0','W'),(1432,10,'2024-02-15 14:17:05','0','W'),(1433,9,'2024-02-15 14:17:31','90','W'),(1434,10,'2024-02-15 14:17:31','90','W'),(1435,9,'2024-02-15 14:17:31','0','W'),(1436,10,'2024-02-15 14:17:31','0','W'),(1437,9,'2024-02-15 14:18:23','90','W'),(1438,10,'2024-02-15 14:18:23','90','W'),(1439,9,'2024-02-15 14:18:23','0','W'),(1440,10,'2024-02-15 14:18:23','0','W'),(1441,4,'2024-02-15 14:30:06','0','W'),(1442,4,'2024-02-15 14:30:06','237','V'),(1443,4,'2024-02-15 14:30:06','0','A'),(1444,5,'2024-02-15 14:30:06','0','W'),(1445,5,'2024-02-15 14:30:06','237','V'),(1446,5,'2024-02-15 14:30:06','0','A'),(1447,3,'2024-02-15 14:30:12','48','W'),(1448,3,'2024-02-15 14:30:12','235','V'),(1449,3,'2024-02-15 14:30:12','0','A'),(1450,9,'2024-02-15 14:40:24','20','W'),(1451,10,'2024-02-15 14:40:24','20','W'),(1452,9,'2024-02-15 14:40:24','20','W'),(1453,10,'2024-02-15 14:40:24','20','W'),(1454,9,'2024-02-15 14:40:50','36','W'),(1455,10,'2024-02-15 14:40:50','36','W'),(1456,9,'2024-02-15 14:40:50','70','W'),(1457,10,'2024-02-15 14:40:50','70','W'),(1458,9,'2024-02-15 14:41:16','81','W'),(1459,10,'2024-02-15 14:41:16','81','W'),(1460,9,'2024-02-15 14:41:16','0','W'),(1461,10,'2024-02-15 14:41:16','0','W'),(1462,9,'2024-02-15 14:41:42','32','W'),(1463,10,'2024-02-15 14:41:42','32','W'),(1464,9,'2024-02-15 14:41:42','60','W'),(1465,10,'2024-02-15 14:41:42','60','W'),(1466,9,'2024-02-15 14:42:49','20','W'),(1467,10,'2024-02-15 14:42:49','20','W'),(1468,9,'2024-02-15 14:42:49','20','W'),(1469,10,'2024-02-15 14:42:49','20','W'),(1470,9,'2024-02-15 14:43:15','67','W'),(1471,10,'2024-02-15 14:43:15','67','W'),(1472,9,'2024-02-15 14:43:15','30','W'),(1473,10,'2024-02-15 14:43:15','30','W'),(1474,9,'2024-02-15 14:43:41','5','W'),(1475,10,'2024-02-15 14:43:41','5','W'),(1476,9,'2024-02-15 14:43:41','30','W'),(1477,10,'2024-02-15 14:43:41','30','W'),(1478,9,'2024-02-15 14:44:07','53','W'),(1479,10,'2024-02-15 14:44:07','53','W'),(1480,9,'2024-02-15 14:44:07','30','W'),(1481,10,'2024-02-15 14:44:07','30','W'),(1482,9,'2024-02-15 14:44:33','18','W'),(1483,10,'2024-02-15 14:44:33','18','W'),(1484,9,'2024-02-15 14:44:33','20','W'),(1485,10,'2024-02-15 14:44:33','20','W'),(1486,9,'2024-02-15 14:45:00','76','W'),(1487,10,'2024-02-15 14:45:00','76','W'),(1488,9,'2024-02-15 14:45:00','30','W'),(1489,10,'2024-02-15 14:45:00','30','W'),(1490,4,'2024-02-15 14:45:06','0','W'),(1491,4,'2024-02-15 14:45:06','0','W'),(1492,4,'2024-02-15 14:45:06','237','V'),(1493,4,'2024-02-15 14:45:06','237','V'),(1494,4,'2024-02-15 14:45:06','0','A'),(1495,4,'2024-02-15 14:45:06','0','A'),(1496,5,'2024-02-15 14:45:06','0','W'),(1497,5,'2024-02-15 14:45:06','0','W'),(1498,5,'2024-02-15 14:45:06','237','V'),(1499,5,'2024-02-15 14:45:06','237','V'),(1500,5,'2024-02-15 14:45:06','0','A'),(1501,5,'2024-02-15 14:45:06','0','A'),(1502,3,'2024-02-15 14:45:11','45','W'),(1503,3,'2024-02-15 14:45:11','235','V'),(1504,3,'2024-02-15 14:45:11','0','A'),(1505,3,'2024-02-15 14:45:11','45','W'),(1506,3,'2024-02-15 14:45:11','235','V'),(1507,3,'2024-02-15 14:45:11','0','A'),(1508,9,'2024-02-15 14:45:26','35','W'),(1509,10,'2024-02-15 14:45:26','35','W'),(1510,9,'2024-02-15 14:45:26','70','W'),(1511,10,'2024-02-15 14:45:26','70','W'),(1512,9,'2024-02-15 14:45:52','88','W'),(1513,10,'2024-02-15 14:45:52','88','W'),(1514,9,'2024-02-15 14:45:52','80','W'),(1515,10,'2024-02-15 14:45:52','80','W'),(1516,9,'2024-02-15 14:46:18','66','W'),(1517,10,'2024-02-15 14:46:18','66','W'),(1518,9,'2024-02-15 14:46:18','0','W'),(1519,10,'2024-02-15 14:46:18','0','W'),(1520,9,'2024-02-15 14:46:44','0','W'),(1521,10,'2024-02-15 14:46:44','0','W'),(1522,9,'2024-02-15 14:46:44','40','W'),(1523,10,'2024-02-15 14:46:44','40','W'),(1524,9,'2024-02-15 14:47:10','20','W'),(1525,10,'2024-02-15 14:47:10','20','W'),(1526,9,'2024-02-15 14:47:10','60','W'),(1527,10,'2024-02-15 14:47:10','60','W'),(1528,9,'2024-02-15 14:47:36','33','W'),(1529,10,'2024-02-15 14:47:36','33','W'),(1530,9,'2024-02-15 14:47:36','80','W'),(1531,10,'2024-02-15 14:47:36','80','W'),(1532,9,'2024-02-15 14:48:02','7','W'),(1533,10,'2024-02-15 14:48:02','7','W'),(1534,9,'2024-02-15 14:48:02','50','W'),(1535,10,'2024-02-15 14:48:02','50','W'),(1536,9,'2024-02-15 14:48:28','57','W'),(1537,10,'2024-02-15 14:48:28','57','W'),(1538,9,'2024-02-15 14:48:28','50','W'),(1539,10,'2024-02-15 14:48:28','50','W'),(1540,9,'2024-02-15 14:48:55','53','W'),(1541,10,'2024-02-15 14:48:55','53','W'),(1542,9,'2024-02-15 14:48:55','0','W'),(1543,10,'2024-02-15 14:48:55','0','W'),(1544,9,'2024-02-15 14:49:21','42','W'),(1545,10,'2024-02-15 14:49:21','42','W'),(1546,9,'2024-02-15 14:49:21','80','W'),(1547,10,'2024-02-15 14:49:21','80','W'),(1548,9,'2024-02-15 14:49:47','88','W'),(1549,10,'2024-02-15 14:49:47','88','W'),(1550,9,'2024-02-15 14:49:47','30','W'),(1551,10,'2024-02-15 14:49:47','30','W'),(1552,9,'2024-02-15 14:50:13','25','W'),(1553,10,'2024-02-15 14:50:13','25','W'),(1554,9,'2024-02-15 14:50:13','20','W'),(1555,10,'2024-02-15 14:50:13','20','W'),(1556,9,'2024-02-15 14:50:39','83','W'),(1557,10,'2024-02-15 14:50:39','83','W'),(1558,9,'2024-02-15 14:50:39','40','W'),(1559,10,'2024-02-15 14:50:39','40','W'),(1560,9,'2024-02-15 14:51:05','47','W'),(1561,10,'2024-02-15 14:51:05','47','W'),(1562,9,'2024-02-15 14:51:05','10','W'),(1563,10,'2024-02-15 14:51:05','10','W'),(1564,9,'2024-02-15 14:51:37','67','W'),(1565,10,'2024-02-15 14:51:37','67','W'),(1566,9,'2024-02-15 14:51:37','80','W'),(1567,10,'2024-02-15 14:51:37','80','W'),(1568,9,'2024-02-15 14:52:03','2','W'),(1569,10,'2024-02-15 14:52:03','2','W'),(1570,9,'2024-02-15 14:52:03','50','W'),(1571,10,'2024-02-15 14:52:03','50','W'),(1572,9,'2024-02-15 14:52:29','62','W'),(1573,10,'2024-02-15 14:52:29','62','W'),(1574,9,'2024-02-15 14:52:29','40','W'),(1575,10,'2024-02-15 14:52:29','40','W'),(1576,9,'2024-02-15 14:52:55','3','W'),(1577,10,'2024-02-15 14:52:55','3','W'),(1578,9,'2024-02-15 14:52:55','60','W'),(1579,10,'2024-02-15 14:52:55','60','W'),(1580,9,'2024-02-15 14:53:21','37','W'),(1581,10,'2024-02-15 14:53:21','37','W'),(1582,9,'2024-02-15 14:53:21','0','W'),(1583,10,'2024-02-15 14:53:21','0','W'),(1584,9,'2024-02-15 14:53:47','5','W'),(1585,10,'2024-02-15 14:53:47','5','W'),(1586,9,'2024-02-15 14:53:47','50','W'),(1587,10,'2024-02-15 14:53:47','50','W'),(1588,9,'2024-02-15 14:54:13','72','W'),(1589,10,'2024-02-15 14:54:13','72','W'),(1590,9,'2024-02-15 14:54:13','10','W'),(1591,10,'2024-02-15 14:54:13','10','W'),(1592,9,'2024-02-15 14:54:40','37','W'),(1593,10,'2024-02-15 14:54:40','37','W'),(1594,9,'2024-02-15 14:54:40','70','W'),(1595,10,'2024-02-15 14:54:40','70','W'),(1596,9,'2024-02-15 14:55:06','63','W'),(1597,10,'2024-02-15 14:55:06','63','W'),(1598,9,'2024-02-15 14:55:06','40','W'),(1599,10,'2024-02-15 14:55:06','40','W'),(1600,9,'2024-02-15 14:55:32','66','W'),(1601,10,'2024-02-15 14:55:32','66','W'),(1602,9,'2024-02-15 14:55:32','30','W'),(1603,10,'2024-02-15 14:55:32','30','W'),(1604,9,'2024-02-15 14:55:58','65','W'),(1605,10,'2024-02-15 14:55:58','65','W'),(1606,9,'2024-02-15 14:55:58','10','W'),(1607,10,'2024-02-15 14:55:58','10','W'),(1608,9,'2024-02-15 14:57:22','20','W'),(1609,10,'2024-02-15 14:57:22','20','W'),(1610,9,'2024-02-15 14:57:22','20','W'),(1611,10,'2024-02-15 14:57:22','20','W'),(1612,9,'2024-02-15 14:57:48','67','W'),(1613,10,'2024-02-15 14:57:48','67','W'),(1614,9,'2024-02-15 14:57:48','30','W'),(1615,10,'2024-02-15 14:57:48','30','W'),(1616,9,'2024-02-15 14:58:14','5','W'),(1617,10,'2024-02-15 14:58:14','5','W'),(1618,9,'2024-02-15 14:58:14','30','W'),(1619,10,'2024-02-15 14:58:14','30','W'),(1620,9,'2024-02-15 14:59:49','20','W'),(1621,10,'2024-02-15 14:59:49','20','W'),(1622,9,'2024-02-15 14:59:49','20','W'),(1623,10,'2024-02-15 14:59:49','20','W'),(1624,4,'2024-02-15 15:00:06','0','W'),(1625,4,'2024-02-15 15:00:06','237','V'),(1626,4,'2024-02-15 15:00:06','0','A'),(1627,5,'2024-02-15 15:00:06','0','W'),(1628,5,'2024-02-15 15:00:06','237','V'),(1629,5,'2024-02-15 15:00:06','0','A'),(1630,4,'2024-02-15 15:00:08','0','W'),(1631,4,'2024-02-15 15:00:08','237','V'),(1632,4,'2024-02-15 15:00:08','0','A'),(1633,5,'2024-02-15 15:00:08','0','W'),(1634,5,'2024-02-15 15:00:08','237','V'),(1635,5,'2024-02-15 15:00:08','0','A'),(1636,3,'2024-02-15 15:00:14','55','W'),(1637,3,'2024-02-15 15:00:14','235','V'),(1638,3,'2024-02-15 15:00:14','0','A'),(1639,3,'2024-02-15 15:00:15','58','W'),(1640,3,'2024-02-15 15:00:15','235','V'),(1641,3,'2024-02-15 15:00:15','0','A'),(1642,9,'2024-02-15 15:00:15','67','W'),(1643,10,'2024-02-15 15:00:15','67','W'),(1644,9,'2024-02-15 15:00:15','30','W'),(1645,10,'2024-02-15 15:00:15','30','W'),(1646,9,'2024-02-15 15:00:41','5','W'),(1647,10,'2024-02-15 15:00:41','5','W'),(1648,9,'2024-02-15 15:00:41','30','W'),(1649,10,'2024-02-15 15:00:41','30','W'),(1650,9,'2024-02-15 15:01:15','20','W'),(1651,10,'2024-02-15 15:01:15','20','W'),(1652,9,'2024-02-15 15:01:15','20','W'),(1653,10,'2024-02-15 15:01:15','20','W'),(1654,9,'2024-02-15 15:01:41','67','W'),(1655,10,'2024-02-15 15:01:41','67','W'),(1656,9,'2024-02-15 15:01:41','30','W'),(1657,10,'2024-02-15 15:01:41','30','W'),(1658,9,'2024-02-15 15:02:07','5','W'),(1659,10,'2024-02-15 15:02:07','5','W'),(1660,9,'2024-02-15 15:02:07','30','W'),(1661,10,'2024-02-15 15:02:07','30','W'),(1662,9,'2024-02-15 15:02:33','53','W'),(1663,10,'2024-02-15 15:02:33','53','W'),(1664,9,'2024-02-15 15:02:33','30','W'),(1665,10,'2024-02-15 15:02:33','30','W'),(1666,9,'2024-02-15 15:02:59','18','W'),(1667,10,'2024-02-15 15:02:59','18','W'),(1668,9,'2024-02-15 15:02:59','20','W'),(1669,10,'2024-02-15 15:02:59','20','W'),(1670,9,'2024-02-15 15:03:25','76','W'),(1671,10,'2024-02-15 15:03:25','76','W'),(1672,9,'2024-02-15 15:03:25','30','W'),(1673,10,'2024-02-15 15:03:25','30','W'),(1674,9,'2024-02-15 15:03:51','35','W'),(1675,10,'2024-02-15 15:03:51','35','W'),(1676,9,'2024-02-15 15:03:51','70','W'),(1677,10,'2024-02-15 15:03:51','70','W'),(1678,9,'2024-02-15 15:04:17','88','W'),(1679,10,'2024-02-15 15:04:17','88','W'),(1680,9,'2024-02-15 15:04:17','80','W'),(1681,10,'2024-02-15 15:04:17','80','W'),(1682,9,'2024-02-15 15:04:40','20','W'),(1683,10,'2024-02-15 15:04:40','20','W'),(1684,9,'2024-02-15 15:04:40','20','W'),(1685,10,'2024-02-15 15:04:40','20','W'),(1686,9,'2024-02-15 15:05:06','67','W'),(1687,10,'2024-02-15 15:05:06','67','W'),(1688,9,'2024-02-15 15:05:06','30','W'),(1689,10,'2024-02-15 15:05:06','30','W'),(1690,9,'2024-02-15 15:05:32','5','W'),(1691,10,'2024-02-15 15:05:32','5','W'),(1692,9,'2024-02-15 15:05:32','30','W'),(1693,10,'2024-02-15 15:05:32','30','W'),(1694,9,'2024-02-15 15:05:58','53','W'),(1695,10,'2024-02-15 15:05:58','53','W'),(1696,9,'2024-02-15 15:05:58','30','W'),(1697,10,'2024-02-15 15:05:58','30','W'),(1698,9,'2024-02-15 15:07:44','20','W'),(1699,10,'2024-02-15 15:07:44','20','W'),(1700,9,'2024-02-15 15:07:44','20','W'),(1701,10,'2024-02-15 15:07:44','20','W'),(1702,9,'2024-02-15 15:08:10','67','W'),(1703,10,'2024-02-15 15:08:10','67','W'),(1704,9,'2024-02-15 15:08:10','30','W'),(1705,10,'2024-02-15 15:08:10','30','W'),(1706,9,'2024-02-15 15:08:36','5','W'),(1707,10,'2024-02-15 15:08:36','5','W'),(1708,9,'2024-02-15 15:08:36','30','W'),(1709,10,'2024-02-15 15:08:36','30','W'),(1710,9,'2024-02-15 15:09:03','53','W'),(1711,10,'2024-02-15 15:09:03','53','W'),(1712,9,'2024-02-15 15:09:03','30','W'),(1713,10,'2024-02-15 15:09:03','30','W'),(1714,9,'2024-02-15 15:10:45','20','W'),(1715,10,'2024-02-15 15:10:45','20','W'),(1716,9,'2024-02-15 15:10:45','20','W'),(1717,10,'2024-02-15 15:10:45','20','W'),(1718,4,'2024-02-15 15:15:06','0','W'),(1719,4,'2024-02-15 15:15:06','237','V'),(1720,4,'2024-02-15 15:15:06','0','A'),(1721,4,'2024-02-15 15:15:06','0','W'),(1722,5,'2024-02-15 15:15:06','0','W'),(1723,4,'2024-02-15 15:15:06','237','V'),(1724,5,'2024-02-15 15:15:06','237','V'),(1725,4,'2024-02-15 15:15:06','0','A'),(1726,5,'2024-02-15 15:15:06','0','A'),(1727,5,'2024-02-15 15:15:06','0','W'),(1728,5,'2024-02-15 15:15:06','237','V'),(1729,5,'2024-02-15 15:15:06','0','A'),(1730,3,'2024-02-15 15:15:11','55','W'),(1731,3,'2024-02-15 15:15:11','237','V'),(1732,3,'2024-02-15 15:15:11','0','A'),(1733,3,'2024-02-15 15:15:11','55','W'),(1734,3,'2024-02-15 15:15:11','237','V'),(1735,3,'2024-02-15 15:15:11','0','A'),(1736,9,'2024-02-15 15:15:51','67','W'),(1737,10,'2024-02-15 15:15:51','67','W'),(1738,9,'2024-02-15 15:15:51','30','W'),(1739,10,'2024-02-15 15:15:51','30','W'),(1740,9,'2024-02-15 15:17:07','20','W'),(1741,10,'2024-02-15 15:17:07','20','W'),(1742,9,'2024-02-15 15:17:07','20','W'),(1743,10,'2024-02-15 15:17:07','20','W'),(1744,9,'2024-02-15 15:26:00','20','W'),(1745,10,'2024-02-15 15:26:00','20','W'),(1746,9,'2024-02-15 15:26:00','20','W'),(1747,10,'2024-02-15 15:26:00','20','W'),(1748,9,'2024-02-15 15:26:00','20','W'),(1749,10,'2024-02-15 15:26:00','20','W'),(1750,9,'2024-02-15 15:26:00','20','W'),(1751,10,'2024-02-15 15:26:00','20','W'),(1752,9,'2024-02-15 15:31:05','67','W'),(1753,10,'2024-02-15 15:31:05','67','W'),(1754,9,'2024-02-15 15:31:05','30','W'),(1755,10,'2024-02-15 15:31:05','30','W'),(1756,4,'2024-02-15 15:33:56','0','W'),(1757,4,'2024-02-15 15:33:56','237','V'),(1758,4,'2024-02-15 15:33:56','0','A'),(1759,5,'2024-02-15 15:33:56','0','W'),(1760,5,'2024-02-15 15:33:56','237','V'),(1761,5,'2024-02-15 15:33:56','0','A'),(1762,7,'2024-02-15 15:33:56','95','W\''),(1763,7,'2024-02-15 15:33:56','95','W'),(1764,7,'2024-02-15 15:33:56','95','W'),(1765,3,'2024-02-15 15:34:01','35','W'),(1766,3,'2024-02-15 15:34:01','237','V'),(1767,3,'2024-02-15 15:34:01','0','A'),(1768,4,'2024-02-15 15:45:05','0','W'),(1769,4,'2024-02-15 15:45:05','0','W'),(1770,4,'2024-02-15 15:45:05','238','V'),(1771,4,'2024-02-15 15:45:05','238','V'),(1772,4,'2024-02-15 15:45:05','0','A'),(1773,4,'2024-02-15 15:45:05','0','A'),(1774,5,'2024-02-15 15:45:06','0','W'),(1775,5,'2024-02-15 15:45:06','0','W'),(1776,5,'2024-02-15 15:45:06','238','V'),(1777,5,'2024-02-15 15:45:06','238','V'),(1778,5,'2024-02-15 15:45:06','0','A'),(1779,5,'2024-02-15 15:45:06','0','A'),(1780,3,'2024-02-15 15:45:11','53','W'),(1781,3,'2024-02-15 15:45:11','53','W'),(1782,3,'2024-02-15 15:45:11','237','V'),(1783,3,'2024-02-15 15:45:11','237','V'),(1784,3,'2024-02-15 15:45:11','0','A'),(1785,3,'2024-02-15 15:45:11','0','A');
/*!40000 ALTER TABLE `mesures` ENABLE KEYS */;
UNLOCK TABLES;

--
-- Table structure for table `objets`
--

DROP TABLE IF EXISTS `objets`;
/*!40101 SET @saved_cs_client     = @@character_set_client */;
/*!50503 SET character_set_client = utf8mb4 */;
CREATE TABLE `objets` (
  `ID` int(11) NOT NULL AUTO_INCREMENT,
  `ID_MAISON` int(11) DEFAULT NULL,
  `NOM` varchar(50) DEFAULT NULL,
  `ETAT` varchar(50) DEFAULT NULL,
  `TYPE` varchar(50) DEFAULT NULL,
  `IP` varchar(50) DEFAULT NULL,
  PRIMARY KEY (`ID`),
  KEY `ID_MAISON` (`ID_MAISON`),
  CONSTRAINT `FK_objets_maison` FOREIGN KEY (`ID_MAISON`) REFERENCES `maison` (`ID`) ON DELETE NO ACTION ON UPDATE NO ACTION
) ENGINE=InnoDB AUTO_INCREMENT=11 DEFAULT CHARSET=utf8mb4 COLLATE=utf8mb4_general_ci;
/*!40101 SET character_set_client = @saved_cs_client */;

--
-- Dumping data for table `objets`
--

LOCK TABLES `objets` WRITE;
/*!40000 ALTER TABLE `objets` DISABLE KEYS */;
INSERT INTO `objets` VALUES (1,1,'Prise2','false','CONSO','192.168.1.154'),(2,2,'Ventilo','false','CONSO','192.168.1.164'),(3,1,'Prise1','true','CONSO','Prise1'),(4,1,'Prise_shelly0','true','CONSO','192.168.1.128,0'),(5,1,'Prise_shelly1','true','CONSO','192.168.1.128,1'),(6,1,'Onduleur','true','PROD','192.168.1.157'),(7,1,'esp1','true','CONSO','192.168.1.111'),(8,1,'eMylo1','true','CONSO','eMylo1'),(9,2,'eui-70b3d57ed0064d81-conso','true','CONSO','eui-70b3d57ed0064d81-conso'),(10,2,'eui-70b3d57ed0064d81-prod','true','PROD','eui-70b3d57ed0064d81-prod');
/*!40000 ALTER TABLE `objets` ENABLE KEYS */;
UNLOCK TABLES;

--
-- Dumping routines for database 'ecomddb'
--
/*!50003 DROP PROCEDURE IF EXISTS `ADD_mesure` */;
/*!50003 SET @saved_cs_client      = @@character_set_client */ ;
/*!50003 SET @saved_cs_results     = @@character_set_results */ ;
/*!50003 SET @saved_col_connection = @@collation_connection */ ;
/*!50003 SET character_set_client  = utf8mb4 */ ;
/*!50003 SET character_set_results = utf8mb4 */ ;
/*!50003 SET collation_connection  = utf8mb4_general_ci */ ;
/*!50003 SET @saved_sql_mode       = @@sql_mode */ ;
/*!50003 SET sql_mode              = 'STRICT_TRANS_TABLES,ERROR_FOR_DIVISION_BY_ZERO,NO_AUTO_CREATE_USER,NO_ENGINE_SUBSTITUTION' */ ;
DELIMITER ;;
CREATE DEFINER=`root`@`yohannpca` PROCEDURE `ADD_mesure`(
	IN `_valeur` INT,
	IN `_ip` VARCHAR(50),
	IN `_unite` VARCHAR(50)
)
BEGIN
	FOR voie1 IN (SELECT ID FROM objets WHERE IP = _ip )
	DO
	
		SET @DATE = NOW();
		INSERT INTO mesures (ID_OBJETS, HORODATAGE , VALEUR,UNITE ) VALUES ( voie1.ID,@DATE, _valeur,_unite);
		
	END FOR;
END ;;
DELIMITER ;
/*!50003 SET sql_mode              = @saved_sql_mode */ ;
/*!50003 SET character_set_client  = @saved_cs_client */ ;
/*!50003 SET character_set_results = @saved_cs_results */ ;
/*!50003 SET collation_connection  = @saved_col_connection */ ;
/*!50003 DROP PROCEDURE IF EXISTS `ADD_objet` */;
/*!50003 SET @saved_cs_client      = @@character_set_client */ ;
/*!50003 SET @saved_cs_results     = @@character_set_results */ ;
/*!50003 SET @saved_col_connection = @@collation_connection */ ;
/*!50003 SET character_set_client  = utf8mb4 */ ;
/*!50003 SET character_set_results = utf8mb4 */ ;
/*!50003 SET collation_connection  = utf8mb4_general_ci */ ;
/*!50003 SET @saved_sql_mode       = @@sql_mode */ ;
/*!50003 SET sql_mode              = 'STRICT_TRANS_TABLES,ERROR_FOR_DIVISION_BY_ZERO,NO_AUTO_CREATE_USER,NO_ENGINE_SUBSTITUTION' */ ;
DELIMITER ;;
CREATE DEFINER=`root`@`%` PROCEDURE `ADD_objet`(
	IN `_idMaison` INT,
	IN `_nom` VARCHAR(50),
	IN `_etat` VARCHAR(50),
	IN `_type` VARCHAR(50),
	IN `_ip` VARCHAR(50)
)
BEGIN
	INSERT INTO objets (ID_MAISON, NOM , ETAT,TYPE, IP ) VALUES ( _idMaison, _nom, _etat, _type, _ip);
END ;;
DELIMITER ;
/*!50003 SET sql_mode              = @saved_sql_mode */ ;
/*!50003 SET character_set_client  = @saved_cs_client */ ;
/*!50003 SET character_set_results = @saved_cs_results */ ;
/*!50003 SET collation_connection  = @saved_col_connection */ ;
/*!50003 DROP PROCEDURE IF EXISTS `DEV_UPDATE_priority` */;
/*!50003 SET @saved_cs_client      = @@character_set_client */ ;
/*!50003 SET @saved_cs_results     = @@character_set_results */ ;
/*!50003 SET @saved_col_connection = @@collation_connection */ ;
/*!50003 SET character_set_client  = utf8mb4 */ ;
/*!50003 SET character_set_results = utf8mb4 */ ;
/*!50003 SET collation_connection  = utf8mb4_general_ci */ ;
/*!50003 SET @saved_sql_mode       = @@sql_mode */ ;
/*!50003 SET sql_mode              = 'STRICT_TRANS_TABLES,ERROR_FOR_DIVISION_BY_ZERO,NO_AUTO_CREATE_USER,NO_ENGINE_SUBSTITUTION' */ ;
DELIMITER ;;
CREATE DEFINER=`root`@`yohannpca` PROCEDURE `DEV_UPDATE_priority`(
	IN `_start` TIMESTAMP,
	IN `_end` TIMESTAMP
)
BEGIN
	DECLARE temporaryValue INTEGER;
	DECLARE SUM_conso INTEGER;
	DECLARE SUM_prod INTEGER;
	
	
	
	
	CALL `generate_hourly_table`(_start, _end);
	
	
	FOR voieDate IN (SELECT hour_start FROM hourly_table) 
	
	DO
		SET @int_1 = voieDate.hour_start;
		SET @int_2 = DATE_FORMAT(DATE_SUB(voieDate.hour_start, INTERVAL -1 HOUR), '%Y-%m-%d %H:00:00');
		FOR voie1 IN (SELECT ID FROM maison )
		DO
			DROP TEMPORARY TABLE IF EXISTS objectsValues;
			CREATE TEMPORARY TABLE objectsValues (valeurConso INT, valeurProd INT);
			SET @temporaryValue = 0;
			SET @SUM_conso = 0;
			SET @SUM_prod = 0;
	
			FOR voie2 IN (SELECT ID FROM objets WHERE ID_MAISON = voie1.ID AND TYPE = "CONSO" )
			DO
				#SELECT voie2.ID;
		    	SELECT SUM(VALEUR) INTO temporaryValue
				FROM mesures
				WHERE (HORODATAGE BETWEEN @int_1 AND @int_2) AND ID_OBJETS = voie2.ID;
		   	INSERT INTO objectsValues (valeurConso) VALUE (temporaryValue);
		   	
			END FOR;
			FOR voie3 IN (SELECT ID FROM objets WHERE ID_MAISON = voie1.ID AND TYPE = "PROD" )
			DO
			
				#SELECT voie3.ID;
		    	SELECT SUM(VALEUR) INTO temporaryValue
				FROM mesures
				WHERE (HORODATAGE BETWEEN @int_1 AND @int_2) AND ID_OBJETS = voie3.ID;
		   	INSERT INTO objectsValues (valeurProd) VALUE (temporaryValue);
			
			END FOR;
			SELECT COALESCE(SUM(valeurConso), 0) INTO SUM_conso
			FROM objectsValues;
			SELECT COALESCE(SUM(valeurProd), 0) INTO SUM_prod
			FROM objectsValues;
			#SELECT * FROM  objectsValues;
			INSERT INTO conso_maison ( ID_MAISON, HORODATAGE, CONSO, PROD) VALUES (voie1.ID , @int_2, SUM_conso, SUM_prod);
			#SELECT * from conso_maison;
		
		END FOR;
	
	END FOR;
	
END ;;
DELIMITER ;
/*!50003 SET sql_mode              = @saved_sql_mode */ ;
/*!50003 SET character_set_client  = @saved_cs_client */ ;
/*!50003 SET character_set_results = @saved_cs_results */ ;
/*!50003 SET collation_connection  = @saved_col_connection */ ;
/*!50003 DROP PROCEDURE IF EXISTS `generate_hourly_table` */;
/*!50003 SET @saved_cs_client      = @@character_set_client */ ;
/*!50003 SET @saved_cs_results     = @@character_set_results */ ;
/*!50003 SET @saved_col_connection = @@collation_connection */ ;
/*!50003 SET character_set_client  = utf8mb4 */ ;
/*!50003 SET character_set_results = utf8mb4 */ ;
/*!50003 SET collation_connection  = utf8mb4_general_ci */ ;
/*!50003 SET @saved_sql_mode       = @@sql_mode */ ;
/*!50003 SET sql_mode              = 'STRICT_TRANS_TABLES,ERROR_FOR_DIVISION_BY_ZERO,NO_AUTO_CREATE_USER,NO_ENGINE_SUBSTITUTION' */ ;
DELIMITER ;;
CREATE DEFINER=`root`@`%` PROCEDURE `generate_hourly_table`(
	IN `start_date` TIMESTAMP,
	IN `end_date` TIMESTAMP
)
BEGIN

   SET @current_date = start_date;
  	 DROP TEMPORARY TABLE IF EXISTS  hourly_table;
    CREATE TEMPORARY TABLE IF NOT EXISTS hourly_table (
        hour_start TIMESTAMP,
        hour_end TIMESTAMP
    );
    
    WHILE @current_date <= end_date DO
        INSERT INTO hourly_table (hour_start, hour_end)
        VALUES (@current_date, @current_date + INTERVAL 1 HOUR);
        
        SET @current_date = @current_date + INTERVAL 1 HOUR;
    END WHILE;
    
    SELECT * FROM hourly_table;
END ;;
DELIMITER ;
/*!50003 SET sql_mode              = @saved_sql_mode */ ;
/*!50003 SET character_set_client  = @saved_cs_client */ ;
/*!50003 SET character_set_results = @saved_cs_results */ ;
/*!50003 SET collation_connection  = @saved_col_connection */ ;
/*!50003 DROP PROCEDURE IF EXISTS `GET_conso_maison` */;
/*!50003 SET @saved_cs_client      = @@character_set_client */ ;
/*!50003 SET @saved_cs_results     = @@character_set_results */ ;
/*!50003 SET @saved_col_connection = @@collation_connection */ ;
/*!50003 SET character_set_client  = utf8mb4 */ ;
/*!50003 SET character_set_results = utf8mb4 */ ;
/*!50003 SET collation_connection  = utf8mb4_general_ci */ ;
/*!50003 SET @saved_sql_mode       = @@sql_mode */ ;
/*!50003 SET sql_mode              = 'STRICT_TRANS_TABLES,ERROR_FOR_DIVISION_BY_ZERO,NO_AUTO_CREATE_USER,NO_ENGINE_SUBSTITUTION' */ ;
DELIMITER ;;
CREATE DEFINER=`root`@`yohannpca` PROCEDURE `GET_conso_maison`(
	IN `_idMaison` INT
)
BEGIN
	SET @PREVIOUS = DATE_FORMAT(DATE_SUB(NOW(), INTERVAL 1 DAY), '%Y-%m-%d 23:59:59');
	SET @NOW = DATE_FORMAT(NOW(),'%Y-%m-%d 23:59:59');
	#SELECT @PREVIOUS;
	#SELECT @NOW;
	
	#SELECT CONSO,PROD, DATE_FORMAT(HORODATAGE,'%H')  AS HEURE , (PROD-CONSO) AS DIFFERENCE FROM conso_maison WHERE (HORODATAGE BETWEEN @PREVIOUS AND @NOW);
	#SELECT CONSO,PROD, DATE_FORMAT(HORODATAGE,'%H')  AS HEURE , (PROD-CONSO) AS DIFFERENCE FROM conso_maison WHERE ID_MAISON = _idMaison;
	SELECT CONSO,PROD, DATE_FORMAT(HORODATAGE, '%H') AS HEURE , (PROD-CONSO) AS DIFFERENCE FROM conso_maison WHERE (HORODATAGE BETWEEN @PREVIOUS AND @NOW) AND ID_MAISON = _idMaison;
	
END ;;
DELIMITER ;
/*!50003 SET sql_mode              = @saved_sql_mode */ ;
/*!50003 SET character_set_client  = @saved_cs_client */ ;
/*!50003 SET character_set_results = @saved_cs_results */ ;
/*!50003 SET collation_connection  = @saved_col_connection */ ;
/*!50003 DROP PROCEDURE IF EXISTS `GET_euid` */;
/*!50003 SET @saved_cs_client      = @@character_set_client */ ;
/*!50003 SET @saved_cs_results     = @@character_set_results */ ;
/*!50003 SET @saved_col_connection = @@collation_connection */ ;
/*!50003 SET character_set_client  = utf8mb4 */ ;
/*!50003 SET character_set_results = utf8mb4 */ ;
/*!50003 SET collation_connection  = utf8mb4_general_ci */ ;
/*!50003 SET @saved_sql_mode       = @@sql_mode */ ;
/*!50003 SET sql_mode              = 'STRICT_TRANS_TABLES,ERROR_FOR_DIVISION_BY_ZERO,NO_AUTO_CREATE_USER,NO_ENGINE_SUBSTITUTION' */ ;
DELIMITER ;;
CREATE DEFINER=`root`@`%` PROCEDURE `GET_euid`(
	IN `_euid` VARCHAR(50)
)
BEGIN
IF EXISTS (SELECT NOM FROM objets WHERE NOM = _euid) THEN
    SELECT 'TRUE';
ELSE
    SELECT 'FALSE';
END IF;

END ;;
DELIMITER ;
/*!50003 SET sql_mode              = @saved_sql_mode */ ;
/*!50003 SET character_set_client  = @saved_cs_client */ ;
/*!50003 SET character_set_results = @saved_cs_results */ ;
/*!50003 SET collation_connection  = @saved_col_connection */ ;
/*!50003 DROP PROCEDURE IF EXISTS `GET_maison` */;
/*!50003 SET @saved_cs_client      = @@character_set_client */ ;
/*!50003 SET @saved_cs_results     = @@character_set_results */ ;
/*!50003 SET @saved_col_connection = @@collation_connection */ ;
/*!50003 SET character_set_client  = utf8mb4 */ ;
/*!50003 SET character_set_results = utf8mb4 */ ;
/*!50003 SET collation_connection  = utf8mb4_general_ci */ ;
/*!50003 SET @saved_sql_mode       = @@sql_mode */ ;
/*!50003 SET sql_mode              = 'STRICT_TRANS_TABLES,ERROR_FOR_DIVISION_BY_ZERO,NO_AUTO_CREATE_USER,NO_ENGINE_SUBSTITUTION' */ ;
DELIMITER ;;
CREATE DEFINER=`root`@`yohannpca` PROCEDURE `GET_maison`()
BEGIN
	SELECT * FROM maison;
END ;;
DELIMITER ;
/*!50003 SET sql_mode              = @saved_sql_mode */ ;
/*!50003 SET character_set_client  = @saved_cs_client */ ;
/*!50003 SET character_set_results = @saved_cs_results */ ;
/*!50003 SET collation_connection  = @saved_col_connection */ ;
/*!50003 DROP PROCEDURE IF EXISTS `GET_mesures` */;
/*!50003 SET @saved_cs_client      = @@character_set_client */ ;
/*!50003 SET @saved_cs_results     = @@character_set_results */ ;
/*!50003 SET @saved_col_connection = @@collation_connection */ ;
/*!50003 SET character_set_client  = utf8mb4 */ ;
/*!50003 SET character_set_results = utf8mb4 */ ;
/*!50003 SET collation_connection  = utf8mb4_general_ci */ ;
/*!50003 SET @saved_sql_mode       = @@sql_mode */ ;
/*!50003 SET sql_mode              = 'STRICT_TRANS_TABLES,ERROR_FOR_DIVISION_BY_ZERO,NO_AUTO_CREATE_USER,NO_ENGINE_SUBSTITUTION' */ ;
DELIMITER ;;
CREATE DEFINER=`root`@`yohannpca` PROCEDURE `GET_mesures`(
	IN `_idMaison` INT
)
BEGIN
	DROP TEMPORARY TABLE IF EXISTS table_;
   CREATE TEMPORARY TABLE table_ ( ID_OBJETS INT, VALEUR CHAR(240), UNITE CHAR(240), HORODATAGE TIMESTAMP);
   
	
    FOR voie1 IN (SELECT ID FROM objets WHERE ID_MAISON = _idMaison) 
	 DO
        FOR voie2 IN (SELECT * FROM mesures WHERE ID_OBJETS = voie1.ID) 
	 		DO
        	INSERT INTO table_ (ID_OBJETS, VALEUR, UNITE, HORODATAGE ) VALUES ( voie1.ID, voie2.VALEUR, voie2.UNITE, voie2.HORODATAGE);
        	END FOR;
    END FOR;
	SELECT * FROM table_;
END ;;
DELIMITER ;
/*!50003 SET sql_mode              = @saved_sql_mode */ ;
/*!50003 SET character_set_client  = @saved_cs_client */ ;
/*!50003 SET character_set_results = @saved_cs_results */ ;
/*!50003 SET collation_connection  = @saved_col_connection */ ;
/*!50003 DROP PROCEDURE IF EXISTS `GET_objets` */;
/*!50003 SET @saved_cs_client      = @@character_set_client */ ;
/*!50003 SET @saved_cs_results     = @@character_set_results */ ;
/*!50003 SET @saved_col_connection = @@collation_connection */ ;
/*!50003 SET character_set_client  = utf8mb4 */ ;
/*!50003 SET character_set_results = utf8mb4 */ ;
/*!50003 SET collation_connection  = utf8mb4_general_ci */ ;
/*!50003 SET @saved_sql_mode       = @@sql_mode */ ;
/*!50003 SET sql_mode              = 'STRICT_TRANS_TABLES,ERROR_FOR_DIVISION_BY_ZERO,NO_AUTO_CREATE_USER,NO_ENGINE_SUBSTITUTION' */ ;
DELIMITER ;;
CREATE DEFINER=`root`@`yohannpca` PROCEDURE `GET_objets`(
	IN `_idMaison` INT
)
BEGIN
	
	SELECT NOM, ETAT, IP FROM objets WHERE ID_MAISON = _idMaison  AND TYPE = "CONSO";
	
END ;;
DELIMITER ;
/*!50003 SET sql_mode              = @saved_sql_mode */ ;
/*!50003 SET character_set_client  = @saved_cs_client */ ;
/*!50003 SET character_set_results = @saved_cs_results */ ;
/*!50003 SET collation_connection  = @saved_col_connection */ ;
/*!50003 DROP PROCEDURE IF EXISTS `GET_objet_mesures` */;
/*!50003 SET @saved_cs_client      = @@character_set_client */ ;
/*!50003 SET @saved_cs_results     = @@character_set_results */ ;
/*!50003 SET @saved_col_connection = @@collation_connection */ ;
/*!50003 SET character_set_client  = utf8mb4 */ ;
/*!50003 SET character_set_results = utf8mb4 */ ;
/*!50003 SET collation_connection  = utf8mb4_general_ci */ ;
/*!50003 SET @saved_sql_mode       = @@sql_mode */ ;
/*!50003 SET sql_mode              = 'STRICT_TRANS_TABLES,ERROR_FOR_DIVISION_BY_ZERO,NO_AUTO_CREATE_USER,NO_ENGINE_SUBSTITUTION' */ ;
DELIMITER ;;
CREATE DEFINER=`root`@`yohannpca` PROCEDURE `GET_objet_mesures`(
	IN `_nom` VARCHAR(50)
)
BEGIN
	SET @PREVIOUS = DATE_FORMAT(DATE_SUB(NOW(), INTERVAL 1 DAY), '%Y-%m-%d 23:59:59');
	SET @NOW = DATE_FORMAT(NOW(),'%Y-%m-%d 23:59:59'); 

	
	FOR voie1 IN (SELECT ID FROM objets WHERE NOM = _nom) 
	DO
	
		SELECT * FROM mesures WHERE ID_OBJETS = voie1.ID AND 	(HORODATAGE BETWEEN @PREVIOUS AND @NOW);
		
	END FOR;
END ;;
DELIMITER ;
/*!50003 SET sql_mode              = @saved_sql_mode */ ;
/*!50003 SET character_set_client  = @saved_cs_client */ ;
/*!50003 SET character_set_results = @saved_cs_results */ ;
/*!50003 SET collation_connection  = @saved_col_connection */ ;
/*!50003 DROP PROCEDURE IF EXISTS `SET_ipObjet` */;
/*!50003 SET @saved_cs_client      = @@character_set_client */ ;
/*!50003 SET @saved_cs_results     = @@character_set_results */ ;
/*!50003 SET @saved_col_connection = @@collation_connection */ ;
/*!50003 SET character_set_client  = utf8mb4 */ ;
/*!50003 SET character_set_results = utf8mb4 */ ;
/*!50003 SET collation_connection  = utf8mb4_general_ci */ ;
/*!50003 SET @saved_sql_mode       = @@sql_mode */ ;
/*!50003 SET sql_mode              = 'STRICT_TRANS_TABLES,ERROR_FOR_DIVISION_BY_ZERO,NO_AUTO_CREATE_USER,NO_ENGINE_SUBSTITUTION' */ ;
DELIMITER ;;
CREATE DEFINER=`root`@`yohannpca` PROCEDURE `SET_ipObjet`(
	IN `_id` INT,
	IN `_ip` VARCHAR(50)
)
BEGIN
	UPDATE objets
	SET IP = _ip
	WHERE ID = _id;
END ;;
DELIMITER ;
/*!50003 SET sql_mode              = @saved_sql_mode */ ;
/*!50003 SET character_set_client  = @saved_cs_client */ ;
/*!50003 SET character_set_results = @saved_cs_results */ ;
/*!50003 SET collation_connection  = @saved_col_connection */ ;
/*!50003 DROP PROCEDURE IF EXISTS `SET_priseState` */;
/*!50003 SET @saved_cs_client      = @@character_set_client */ ;
/*!50003 SET @saved_cs_results     = @@character_set_results */ ;
/*!50003 SET @saved_col_connection = @@collation_connection */ ;
/*!50003 SET character_set_client  = utf8mb4 */ ;
/*!50003 SET character_set_results = utf8mb4 */ ;
/*!50003 SET collation_connection  = utf8mb4_general_ci */ ;
/*!50003 SET @saved_sql_mode       = @@sql_mode */ ;
/*!50003 SET sql_mode              = 'STRICT_TRANS_TABLES,ERROR_FOR_DIVISION_BY_ZERO,NO_AUTO_CREATE_USER,NO_ENGINE_SUBSTITUTION' */ ;
DELIMITER ;;
CREATE DEFINER=`root`@`yohannpca` PROCEDURE `SET_priseState`(
	IN `_state` VARCHAR(50),
	IN `_idMaison` INT,
	IN `_ip` VARCHAR(50)
)
BEGIN
	UPDATE objets
	SET ETAT = _state
	WHERE IP = _ip AND ID_MAISON = _idMaison;
END ;;
DELIMITER ;
/*!50003 SET sql_mode              = @saved_sql_mode */ ;
/*!50003 SET character_set_client  = @saved_cs_client */ ;
/*!50003 SET character_set_results = @saved_cs_results */ ;
/*!50003 SET collation_connection  = @saved_col_connection */ ;
/*!50003 DROP PROCEDURE IF EXISTS `test` */;
/*!50003 SET @saved_cs_client      = @@character_set_client */ ;
/*!50003 SET @saved_cs_results     = @@character_set_results */ ;
/*!50003 SET @saved_col_connection = @@collation_connection */ ;
/*!50003 SET character_set_client  = utf8mb4 */ ;
/*!50003 SET character_set_results = utf8mb4 */ ;
/*!50003 SET collation_connection  = utf8mb4_general_ci */ ;
/*!50003 SET @saved_sql_mode       = @@sql_mode */ ;
/*!50003 SET sql_mode              = 'STRICT_TRANS_TABLES,ERROR_FOR_DIVISION_BY_ZERO,NO_AUTO_CREATE_USER,NO_ENGINE_SUBSTITUTION' */ ;
DELIMITER ;;
CREATE DEFINER=`root`@`%` PROCEDURE `test`(
	IN `_start` TIMESTAMP,
	IN `_end` TIMESTAMP
)
BEGIN
	#SET @int_1 = DATE_FORMAT(_start ,'%Y-%m-%d %H:00:00');
	#SET @int_2 = DATE_FORMAT(DATE_SUB(_end, INTERVAL -1 HOUR), '%Y-%m-%d %H:00:00');
	SELECT _start;
END ;;
DELIMITER ;
/*!50003 SET sql_mode              = @saved_sql_mode */ ;
/*!50003 SET character_set_client  = @saved_cs_client */ ;
/*!50003 SET character_set_results = @saved_cs_results */ ;
/*!50003 SET collation_connection  = @saved_col_connection */ ;
/*!40103 SET TIME_ZONE=@OLD_TIME_ZONE */;

/*!40101 SET SQL_MODE=@OLD_SQL_MODE */;
/*!40014 SET FOREIGN_KEY_CHECKS=@OLD_FOREIGN_KEY_CHECKS */;
/*!40014 SET UNIQUE_CHECKS=@OLD_UNIQUE_CHECKS */;
/*!40101 SET CHARACTER_SET_CLIENT=@OLD_CHARACTER_SET_CLIENT */;
/*!40101 SET CHARACTER_SET_RESULTS=@OLD_CHARACTER_SET_RESULTS */;
/*!40101 SET COLLATION_CONNECTION=@OLD_COLLATION_CONNECTION */;
/*!40111 SET SQL_NOTES=@OLD_SQL_NOTES */;

-- Dump completed on 2024-02-15 15:56:26
